CATEGORY_CD|CATEGORY_NM|API_PATH|PARENT_CD|DEPTH_LEVEL|LAST_DEPTH_YN|COLLECTION_CYCLE|COLLECTION_TYPE
05000000000000|Clarksons(CLARKSONS)||00000000000000|01|N||
05010000000000|Earnings & Freight (수익 & 운송)||05000000000000|02|N||
05010100000000|Spot Freight Rates||05010000000000|03|N||
05010101000000|Containerships||05010100000000|04|N||
05010101010000|Containerships General||05010101000000|05|N||
05010101010100|Container Freight Rates||05010101010000|06|N||
05010101010101|CCFI China-ANZ Container Freight Rate Index||05010101010100|07|Y|Y,Q,M|C
05010101010102|CCFI China-EC North America Container Freight Rate Index||05010101010100|07|Y|Y,Q,M|C
05010101010103|CCFI China-Europe Container Freight Rate Index||05010101010100|07|Y|Y,Q,M|C
05010101010104|CCFI China-Japan Container Freight Rate Index||05010101010100|07|Y|Y,Q,M|C
05010101010105|CCFI China-Korea Container Freight Rate Index||05010101010100|07|Y|Y,Q,M|C
05010101010106|CCFI China-Med Container Freight Rate Index||05010101010100|07|Y|Y,Q,M|C
05010101010107|CCFI China-P.Gulf/R.Sea Container Freight Rate Index||05010101010100|07|Y|Y,Q,M|C
05010101010108|CCFI China-S Africa Container Freight Rate Index||05010101010100|07|Y|Y,Q,M|C
05010101010109|CCFI China-S America Container Freight Rate Index||05010101010100|07|Y|Y,Q,M|C
05010101010110|CCFI China-SE Asia Container Freight Rate Index||05010101010100|07|Y|Y,Q,M|C
05010101010111|CCFI China-W/E Africa Container Freight Rate Index||05010101010100|07|Y|Y,Q,M|C
05010101010112|CCFI China-WC North America Container Freight Rate Index||05010101010100|07|Y|Y,Q,M|C
05010101010113|CCFI Composite Container Freight Rate Index||05010101010100|07|Y|Y,Q,M|C
05010101010114|Intra-Asia Container Freight Rate Index||05010101010100|07|Y|Y,Q,M|C
05010101010115|Mainlane Container Freight Rate Index||05010101010100|07|Y|Y,Q,M|C
05010101010116|North-South Container Freight Rate Index||05010101010100|07|Y|Y,Q,M|C
05010101010117|SCFI Comprehensive Container Freight Rate Index||05010101010100|07|Y|Y,Q,M|C
05010101010118|SCFI Shanghai-ANZ (Melbourne) Container Freight Rate||05010101010100|07|Y|Y,Q,M|C
05010101010119|SCFI Shanghai-E Japan (base port) Container Freight Rate||05010101010100|07|Y|Y,Q,M|C
05010101010120|SCFI Shanghai-EC America (base port) Container Freight Rate||05010101010100|07|Y|Y,Q,M|C
05010101010121|SCFI Shanghai-Europe (base port) Container Freight Rate||05010101010100|07|Y|Y,Q,M|C
05010101010122|SCFI Shanghai-Korea (Pusan) Container Freight Rate||05010101010100|07|Y|Y,Q,M|C
05010101010123|SCFI Shanghai-Med (base port) Container Freight Rate||05010101010100|07|Y|Y,Q,M|C
05010101010124|SCFI Shanghai-Persian Gulf (Dubai) Container Freight Rate||05010101010100|07|Y|Y,Q,M|C
05010101010125|SCFI Shanghai-S Africa (Durban) Container Freight Rate||05010101010100|07|Y|Y,Q,M|C
05010101010126|SCFI Shanghai-S America (Santos) Container Freight Rate||05010101010100|07|Y|Y,Q,M|C
05010101010127|SCFI Shanghai-SE Asia (Singapore) Container Freight Rate||05010101010100|07|Y|Y,Q,M|C
05010101010128|SCFI Shanghai-W Africa (Lagos) Container Freight Rate||05010101010100|07|Y|Y,Q,M|C
05010101010129|SCFI Shanghai-W Japan (base port) Container Freight Rate||05010101010100|07|Y|Y,Q,M|C
05010101010130|SCFI Shanghai-WC America (base port) Container Freight Rate||05010101010100|07|Y|Y,Q,M|C
05010101010131|XSI-C Far East-N.Europe Container Freight Rate||05010101010100|07|Y|Y,Q,M|C
05010101010132|XSI-C Far East-S.America EC Container Freight Rate||05010101010100|07|Y|Y,Q,M|C
05010101010133|XSI-C Far East-USWC Container Freight Rate||05010101010100|07|Y|Y,Q,M|C
05010101010134|XSI-C N.Europe - USEC Container Freight Rate||05010101010100|07|Y|Y,Q,M|C
05010101010135|XSI-C N.Europe-Far East Container Freight Rate||05010101010100|07|Y|Y,Q,M|C
05010101010136|XSI-C N.Europe-S.America EC Container Freight Rate||05010101010100|07|Y|Y,Q,M|C
05010101010137|XSI-C USEC-N.Europe Container Freight Rate||05010101010100|07|Y|Y,Q,M|C
05010101010138|XSI-C USWC-Far East Container Freight Rate||05010101010100|07|Y|Y,Q,M|C
05010101010139|CCFI China-Hong Kong Container Freight Rate Index||05010101010100|07|Y|Y,Q,M|C
05010101010140|CCFI China-Taiwan Container Freight Rate Index||05010101010100|07|Y|Y,Q,M|C
05010101010141|SCFI Shanghai-Hong Kong (Hong Kong) Container Freight Rate||05010101010100|07|Y|Y,Q,M|C
05010101010142|SCFI Shanghai-Taiwan (Kaohsiung) Container Freight Rate||05010101010100|07|Y|Y,Q,M|C
05010200000000|Baltic Indices||05010000000000|03|N||
05010201000000|Bulkers||05010200000000|04|N||
05010201010000|Bulkers General||05010201000000|05|N||
05010201010100|Baltic Dry Index||05010201010000|06|N||
05010201010101|Baltic Exchange Dry Index||05010201010100|07|Y|Y,Q,M|C
05010201010200|Baltic Freight Index||05010201010000|06|N||
05010201010201|Baltic Exchange Freight Index (BFI)||05010201010200|07|Y|Y,Q,M|C
05010201020000|Capesize Bulker||05010201000000|05|N||
05010201020100|Baltic Capesize Index||05010201020000|06|N||
05010201020101|Average of the 5 T/C Routes for Baltic Capesize Index||05010201020100|07|Y|Y,Q,M|C
05010201020102|Baltic Exchange Capesize Index||05010201020100|07|Y|Y,Q,M|C
05010201020103|BCI C10_14: 180,000mt, China-Japan transpacific round voyage||05010201020100|07|Y|Y,Q,M|C
05010201020104|BCI C14: China-Brazil round voyage, 180,000mt||05010201020100|07|Y|Y,Q,M|C
05010201020105|BCI C16: Revised backhaul||05010201020100|07|Y|Y,Q,M|C
05010201020106|BCI C17: Saldanha Bay-Qingdao, 170,000mt||05010201020100|07|Y|Y,Q,M|C
05010201020107|BCI C2: Tubarao/Rotterdam 160,000 long tons||05010201020100|07|Y|Y,Q,M|C
05010201020108|BCI C3: Tubarao/Qingdao, 160,000 or 170,000 mt||05010201020100|07|Y|Y,Q,M|C
05010201020109|BCI C5: W Australia/Qingdao, 160,000 mt||05010201020100|07|Y|Y,Q,M|C
05010201020110|BCI C7: Bolivar/Rotterdam 150,000 mt||05010201020100|07|Y|Y,Q,M|C
05010201020111|BCI C8_14: 180,000mt, Gibraltar/Hamburg transatlantic round voyage||05010201020100|07|Y|Y,Q,M|C
05010201020112|BCI C9_14: 180,000mt, Continent/Mediterranean trip China-Japan||05010201020100|07|Y|Y,Q,M|C
05010201020113|Average of the 4 T/C Routes for Baltic Capesize Index, 172,000mt||05010201020100|07|Y|Y,Q,M|C
05010201020114|Baltic Exchange Capesize Index, 172,000mt||05010201020100|07|Y|Y,Q,M|C
05010201020115|BCI C10_03:172,000mt Nopac round voyage||05010201020100|07|Y|Y,Q,M|C
05010201020116|BCI C11_03: 172,000mt China/Japan trip Mediterranean/Continent||05010201020100|07|Y|Y,Q,M|C
05010201020117|BCI C12: 150,000mt Gladstone/Rotterdam||05010201020100|07|Y|Y,Q,M|C
05010201020118|BCI C15: Richards Bay/Fangcheng, 160,000mt||05010201020100|07|Y|Y,Q,M|C
05010201020119|BCI C4: Richards Bay/Rotterdam, 150,000 mt||05010201020100|07|Y|Y,Q,M|C
05010201020120|BCI C8_03: 172,000mt Gibraltar/Hamburg trans-Atlantic round voyage||05010201020100|07|Y|Y,Q,M|C
05010201020121|BCI C9_03: 172,000mt Continent/Mediterranean trip Far East||05010201020100|07|Y|Y,Q,M|C
05010201030000|Panamax Bulker||05010201000000|05|N||
05010201030100|Baltic Panamax Index||05010201030000|06|N||
05010201030101|Average of the 4 T/C Routes for BPI-74||05010201030100|07|Y|Y,Q,M|C
05010201030102|Average of the 5 T/C Routes for BPI-82||05010201030100|07|Y|Y,Q,M|C
05010201030103|Baltic Exchange Panamax Index||05010201030100|07|Y|Y,Q,M|C
05010201030104|BPI P1A_03: 74,000mt trans-Atlantic round voyage||05010201030100|07|Y|Y,Q,M|C
05010201030105|BPI P1A_82: 82,500mt Trans-Atlantic Round Voyage||05010201030100|07|Y|Y,Q,M|C
05010201030106|BPI P2A_03: 74,000mt Skaw-Gibraltar/Far East||05010201030100|07|Y|Y,Q,M|C
05010201030107|BPI P2A_82: 82,500mt Skaw-Gibraltar/Far East||05010201030100|07|Y|Y,Q,M|C
05010201030108|BPI P3A_03: 74,000mt Japan-S.Korea Nopac round voyage||05010201030100|07|Y|Y,Q,M|C
05010201030109|BPI P3A_82: 82,500mt Japan-S.Korea Nopac Round Voyage||05010201030100|07|Y|Y,Q,M|C
05010201030110|BPI P4_82: 82,500mt Japan-S.Korea to Gibralter-Skaw||05010201030100|07|Y|Y,Q,M|C
05010201030111|BPI P5_82: 82,500mt S China/HK range Indo Round Voyage||05010201030100|07|Y|Y,Q,M|C
05010201030112|BPI P6_82: 82,500mt Singapore via Atlantic to Far East||05010201030100|07|Y|Y,Q,M|C
05010201030113|BPI P1: 55,000lt lights USG/ARA||05010201030100|07|Y|Y,Q,M|C
05010201030114|BPI P2: 54,000lt HSS USG/Japan||05010201030100|07|Y|Y,Q,M|C
05010201030115|BPI P3: 54,000lt HSS Nopac/Japan||05010201030100|07|Y|Y,Q,M|C
05010201030116|BPI P3A-IV Implied Voyage Newcastle-Qingdao||05010201030100|07|Y|Y,Q,M|C
05010201030117|BPI P4A_03: 74,000mt Far East via Nopac/Skaw-Passero||05010201030100|07|Y|Y,Q,M|C
05010201030118|BPI P5: 74,000mt S China/HK range Indo RV||05010201030100|07|Y|Y,Q,M|C
05010201040000|Handymax Bulker||05010201000000|05|N||
05010201040100|Baltic Supramax Index||05010201040000|06|N||
05010201040101|Average of the 10 T/C Routes for BSI-58||05010201040100|07|Y|Y,Q,M|C
05010201040102|Average of the 11 T/C Routes for BSI-63||05010201040100|07|Y|Y,Q,M|C
05010201040103|Average of the 3 T/C Routes for Baltic Supramax Asia||05010201040100|07|Y|Y,Q,M|C
05010201040104|Baltic Exchange Supramax Index||05010201040100|07|Y|Y,Q,M|C
05010201040105|BSI 58 Route S10: South China trip via Indonesia to South China||05010201040100|07|Y|Y,Q,M|C
05010201040106|BSI 58 Route S1B: Canakkale trip via Med or BI Sea to China-South Korea||05010201040100|07|Y|Y,Q,M|C
05010201040107|BSI 58 Route S1C: US Gulf trip to China-South Japan||05010201040100|07|Y|Y,Q,M|C
05010201040108|BSI 58 Route S2: North China to Australian or Pacicfic round voyage||05010201040100|07|Y|Y,Q,M|C
05010201040109|BSI 58 Route S3: North China trip to West Africa||05010201040100|07|Y|Y,Q,M|C
05010201040110|BSI 58 Route S4A: US Gulf to Skaw-Passero||05010201040100|07|Y|Y,Q,M|C
05010201040111|BSI 58 Route S4B: Skaw-Passero trip to US Gulf||05010201040100|07|Y|Y,Q,M|C
05010201040112|BSI 58 Route S5: West Africa trip via ECSA to north China||05010201040100|07|Y|Y,Q,M|C
05010201040113|BSI 58 Route S8: South China trip via Indonesia to East Coast India||05010201040100|07|Y|Y,Q,M|C
05010201040114|BSI 58 Route S9: West Africa trip via ECSA to Skaw-Passero||05010201040100|07|Y|Y,Q,M|C
05010201040115|BSI 63 Route S10: South China trip via Indonesia to South China||05010201040100|07|Y|Y,Q,M|C
05010201040116|BSI 63 Route S15: Indian Ocean trip via South Africa to Far East||05010201040100|07|Y|Y,Q,M|C
05010201040117|BSI 63 Route S1B: Canakkale trip via Med or Bl Sea to China-South Korea||05010201040100|07|Y|Y,Q,M|C
05010201040118|BSI 63 Route S1C: US Gulf trip to China-South Japan||05010201040100|07|Y|Y,Q,M|C
05010201040119|BSI 63 Route S2: North China one Australian or Pacific round voyage||05010201040100|07|Y|Y,Q,M|C
05010201040120|BSI 63 Route S3: North China trip to West Africa||05010201040100|07|Y|Y,Q,M|C
05010201040121|BSI 63 Route S4A: US Gulf trip to Skaw-Passero||05010201040100|07|Y|Y,Q,M|C
05010201040122|BSI 63 Route S4B: Skaw-Passero trip to US Gulf||05010201040100|07|Y|Y,Q,M|C
05010201040123|BSI 63 Route S5: West Africa trip via East Coast South America to North China||05010201040100|07|Y|Y,Q,M|C
05010201040124|BSI 63 Route S8: South China trip via Indonesia to East Coast India||05010201040100|07|Y|Y,Q,M|C
05010201040125|BSI 63 Route S9: West Africa trip via East Coast South America to Skaw-Passero||05010201040100|07|Y|Y,Q,M|C
05010201040126|BSI Route S10: Indonesia-South China||05010201040100|07|Y|Y,Q,M|C
05010201040127|BSI Route S11: Trial Mid China/Australia or Nopac RV||05010201040100|07|Y|Y,Q,M|C
05010201040128|BSI Route S8: S. China via Indonesia / EC India||05010201040100|07|Y|Y,Q,M|C
05010201040129|Timecharter Average of Routes S8, S10 and S11 for Baltic Supramax Index||05010201040100|07|Y|Y,Q,M|C
05010201040130|Average of the 6 T/C Routes for Baltic Supramax Index||05010201040100|07|Y|Y,Q,M|C
05010201040131|Baltic Exchange Supramax 52,000 dwt Index||05010201040100|07|Y|Y,Q,M|C
05010201040132|BSI 58 Asia Route S11: Mid China, Australian or Transpacific round voyage||05010201040100|07|Y|Y,Q,M|C
05010201040133|BSI Route S1A: Antwerp - Skaw Trip Far East||05010201040100|07|Y|Y,Q,M|C
05010201040134|BSI Route S1B: Canakkale Trip Far East||05010201040100|07|Y|Y,Q,M|C
05010201040135|BSI Route S2: Japan - SK / NOPAC or Australia RV||05010201040100|07|Y|Y,Q,M|C
05010201040136|BSI Route S3: Japan - SK Trip Gib - Skaw range||05010201040100|07|Y|Y,Q,M|C
05010201040137|BSI Route S4: 52,000mt Transatlantic RV||05010201040100|07|Y|Y,Q,M|C
05010201040138|BSI Route S5: W.Africa via ECSA to Far East||05010201040100|07|Y|Y,Q,M|C
05010201040139|BSI Route S6: Jpn-SK trip via Aus/India||05010201040100|07|Y|Y,Q,M|C
05010201040140|BSI Route S7: EC India-China||05010201040100|07|Y|Y,Q,M|C
05010201040141|BSI Route S7IV Implied Voyage Vizag-Qingdao||05010201040100|07|Y|Y,Q,M|C
05010201040142|BSI Route S9: W. Africa via ECSA to Skaw/Passero||05010201040100|07|Y|Y,Q,M|C
05010201040143|BSI4a: USGulf to Skaw - Passero||05010201040100|07|Y|Y,Q,M|C
05010201040144|BSI4b: Skaw-Passero to USGulf||05010201040100|07|Y|Y,Q,M|C
05010201040200|Baltic Handymax Index||05010201040000|06|N||
05010201040201|Baltic Exchange Handymax Index||05010201040200|07|Y|Y,Q,M|C
05010201040202|BHMI M1A: Antwerp-Skaw trip Far East||05010201040200|07|Y|Y,Q,M|C
05010201040203|BHMI M1B: Canakkale trip Far East||05010201040200|07|Y|Y,Q,M|C
05010201040204|BHMI M2: Japan-S.Korea / Nopac or Australia round voyage||05010201040200|07|Y|Y,Q,M|C
05010201040205|BHMI M3: Japan-S.Korea trip Gibraltar-Skaw range||05010201040200|07|Y|Y,Q,M|C
05010201040206|BHMI M4A: Antwerp-Skaw trip USG||05010201040200|07|Y|Y,Q,M|C
05010201040207|BHMI M4B: USG trip Skaw-Passero||05010201040200|07|Y|Y,Q,M|C
05010201040208|Weighted Average of BHMI T/C routes||05010201040200|07|Y|Y,Q,M|C
05010201040209|Average of the 7 T/C Routes for BHSI-38||05010201040200|07|Y|Y,Q,M|C
05010201040210|Baltic Exchange Handysize Index||05010201040200|07|Y|Y,Q,M|C
05010201040211|BHSI1_38: Skaw - Passero trip Recalada - Rio de Janeiro||05010201040200|07|Y|Y,Q,M|C
05010201040212|BHSI2_38: Skaw - Passero trip Boston - Galveston||05010201040200|07|Y|Y,Q,M|C
05010201040213|BHSI3_38: Recalada - Rio de Janeiro trip Skaw - Passero||05010201040200|07|Y|Y,Q,M|C
05010201040214|BHSI4_38: US Gulf trip via US Gulf or NCSA to Skaw - Passero||05010201040200|07|Y|Y,Q,M|C
05010201040215|BHSI5_38: SE Asia trip via Australia to Singapore - Japan||05010201040200|07|Y|Y,Q,M|C
05010201040216|BHSI6_38: N.China - S.Korea - Japan trip to N.China - S.Korea - Japan||05010201040200|07|Y|Y,Q,M|C
05010201040217|BHSI7_38: N.China - S.Korea - Japan trip to SE Asia||05010201040200|07|Y|Y,Q,M|C
05010201040218|Average of the 6 T/C Routes for BHSI-28||05010201040200|07|Y|Y,Q,M|C
05010201040219|BHSI1: Skaw - Passero trip Recalada - Rio de Janeiro||05010201040200|07|Y|Y,Q,M|C
05010201040220|BHSI2: Skaw - Passero trip Boston - Galveston||05010201040200|07|Y|Y,Q,M|C
05010201040221|BHSI3: Recalada - Rio de Janeiro trip Skaw - Passero||05010201040200|07|Y|Y,Q,M|C
05010201040222|BHSI4: US Gulf trip via US Gulf or NCSA to Skaw - Passero||05010201040200|07|Y|Y,Q,M|C
05010201040223|BHSI5: SE Asia trip via Australia to Singapore - Japan||05010201040200|07|Y|Y,Q,M|C
05010201040224|BHSI6: S Korea - Japan via NOPAC to Singapore-Japan||05010201040200|07|Y|Y,Q,M|C
05020000000000|Fleet&Supply (함선&공급)||05000000000000|02|N||
05020100000000|Fleet Development||05020000000000|03|N||
05020101000000|Fleet by Owner Country/Region||05020100000000|04|N||
05020101010000|Fleet Development by Country/Region of Owner - Russia||05020101000000|05|Y|Y,Q,M|C
05020101020000|Fleet Development - Russian-Owned Crude Tankers||05020101000000|05|Y|Y,Q,M|C
05020101030000|Fleet Development - Russian-Owned Product (10,000+ dwt) Tankers||05020101000000|05|Y|Y,Q,M|C
05020101040000|Fleet Development - Russian-Owned Aframax (85-124,999 dwt) Crude Tankers||05020101000000|05|Y|Y,Q,M|C
05020101050000|Fleet Development - Russian-Owned LNG Carriers||05020101000000|05|Y|Y,Q,M|C
05020102000000|All Vessels||05020100000000|04|N||
05020102010000|Fleet Development by Country/Region of Owner - Russia||05020102000000|05|Y|Y,Q,M|C
05020102020000|World Fleet (100+ GT)||05020102000000|05|Y|Y,Q,M|C
05020102030000|World Fleet Growth||05020102000000|05|Y|Y,Q,M|C
05020103000000|Oil Tankers||05020100000000|04|N||
05020103010000|Tanker General||05020103000000|05|N||
05020103010100|Fleet Development - Russian-Owned Crude Tankers||05020103010000|06|Y|Y,Q,M|C
05020103010200|Crude Tanker Trading Fleet||05020103010000|06|Y|Y,Q,M|C
05020103010300|Crude Tanker Trading Fleet Growth||05020103010000|06|Y|Y,Q,M|C
05020103010400|Total Crude Tanker Fleet Development||05020103010000|06|Y|Y,Q,M|C
05020103010500|Total Double Hull (10k + DWT) Tanker Fleet Development||05020103010000|06|Y|Y,Q,M|C
05020103010600|Total Product Tanker 10k+ DWT Fleet Development||05020103010000|06|Y|Y,Q,M|C
05020103010700|Total Tanker (10k+ DWT) Fleet Development||05020103010000|06|Y|Y,Q,M|C
05020103020000|Product Tankers||05020103000000|05|N||
05020103020100|Fleet Development - Russian-Owned Product (10,000+ dwt) Tankers||05020103020000|06|Y|Y,Q,M|C
05020103020200|Total Product Tanker 10k+ DWT Fleet Development||05020103020000|06|Y|Y,Q,M|C
05020103020300|Aframax Product Tanker Fleet Development||05020103020000|06|Y|Y,Q,M|C
05020103020400|Aframax Product Tanker Fleet Growth||05020103020000|06|Y|Y,Q,M|C
05020103020500|Handysize Product Tanker Fleet Development||05020103020000|06|Y|Y,Q,M|C
05020103020600|Handysize Product Tanker Fleet Growth||05020103020000|06|Y|Y,Q,M|C
05020103020700|LR1 Trading Fleet||05020103020000|06|Y|Y,Q,M|C
05020103020800|LR1 Trading Fleet Growth||05020103020000|06|Y|Y,Q,M|C
05020103020900|LR2 Trading Fleet||05020103020000|06|Y|Y,Q,M|C
05020103021000|LR2 Trading Fleet Growth||05020103020000|06|Y|Y,Q,M|C
05020103021100|MR Product Tanker 40,000-54,999 dwt Fleet Development||05020103020000|06|Y|Y,Q,M|C
05020103021200|Panamax Product Tanker Fleet Development||05020103020000|06|Y|Y,Q,M|C
05020103021300|Panamax Product Tanker Fleet Growth||05020103020000|06|Y|Y,Q,M|C
05020103021400|Product Tanker Trading Fleet||05020103020000|06|Y|Y,Q,M|C
05020103021500|Product Tanker Trading Fleet Growth||05020103020000|06|Y|Y,Q,M|C
05020103021600|Suezmax Product Tanker Fleet Development||05020103020000|06|Y|Y,Q,M|C
05020103030000|ULCC/VLCC||05020103000000|05|N||
05020103030100|VLCC Double Hull Tanker Fleet Development||05020103030000|06|Y|Y,Q,M|C
05020103030200|VLCC Fleet Development||05020103030000|06|Y|Y,Q,M|C
05020103030300|VLCC Fleet Growth||05020103030000|06|Y|Y,Q,M|C
05020103030400|VLCC Trading Fleet||05020103030000|06|Y|Y,Q,M|C
05020103030500|VLCC Trading Fleet Growth||05020103030000|06|Y|Y,Q,M|C
05020103040000|Suezmax Tanker||05020103000000|05|N||
05020103040100|Suezmax Product Tanker Fleet Development||05020103040000|06|Y|Y,Q,M|C
05020103040200|Suezmax Double Hull Tanker Fleet Development||05020103040000|06|Y|Y,Q,M|C
05020103040300|Suezmax Fleet Growth||05020103040000|06|Y|Y,Q,M|C
05020103040400|Suezmax Tanker Fleet Development||05020103040000|06|Y|Y,Q,M|C
05020103040500|Suezmax Trading Fleet||05020103040000|06|Y|Y,Q,M|C
05020103040600|Suezmax Trading Fleet Growth||05020103040000|06|Y|Y,Q,M|C
05020103050000|Aframax Tanker||05020103000000|05|N||
05020103050100|Fleet Development - Russian-Owned Aframax (85-124,999 dwt) Crude Tankers||05020103050000|06|Y|Y,Q,M|C
05020103050200|Aframax Product Tanker Fleet Development||05020103050000|06|Y|Y,Q,M|C
05020103050300|Aframax Product Tanker Fleet Growth||05020103050000|06|Y|Y,Q,M|C
05020103050400|LR2 Trading Fleet||05020103050000|06|Y|Y,Q,M|C
05020103050500|LR2 Trading Fleet Growth||05020103050000|06|Y|Y,Q,M|C
05020103050600|Aframax Double Hull Tanker Fleet Development||05020103050000|06|Y|Y,Q,M|C
05020103050700|Aframax Tanker Fleet Development||05020103050000|06|Y|Y,Q,M|C
05020103050800|Crude Aframax Fleet Development||05020103050000|06|Y|Y,Q,M|C
05020103050900|Crude Aframax Fleet Growth||05020103050000|06|Y|Y,Q,M|C
05020103051000|Crude Aframax Trading Fleet||05020103050000|06|Y|Y,Q,M|C
05020103050110|Crude Aframax Trading Fleet Growth||05020103050000|06|Y|Y,Q,M|C
05020103060000|Panamax Tanker||05020103000000|05|N||
05020103060100|LR1 Trading Fleet||05020103060000|06|Y|Y,Q,M|C
05020103060200|LR1 Trading Fleet Growth||05020103060000|06|Y|Y,Q,M|C
05020103060300|Panamax Product Tanker Fleet Development||05020103060000|06|Y|Y,Q,M|C
05020103060400|Panamax Product Tanker Fleet Growth||05020103060000|06|Y|Y,Q,M|C
05020103060500|Panamax Double Hull Tanker Fleet Development||05020103060000|06|Y|Y,Q,M|C
05020103060600|Panamax Tanker Fleet Development||05020103060000|06|Y|Y,Q,M|C
05020103070000|Handysize Tanker||05020103000000|05|N||
05020103070100|Handysize Product Tanker Fleet Development||05020103070000|06|Y|Y,Q,M|C
05020103070200|Handysize Double Hull Tanker Fleet Development||05020103070000|06|Y|Y,Q,M|C
05020103070300|Handysize Product Tanker Trading Fleet||05020103070000|06|Y|Y,Q,M|C
05020103070400|Handysize Product Tanker Trading Fleet Growth||05020103070000|06|Y|Y,Q,M|C
05020103070500|Handysize Tanker Fleet Development||05020103070000|06|Y|Y,Q,M|C
05020103080000|Small Tankers||05020103000000|05|N||
05020103080100|Small Double Hull Tanker Fleet Development||05020103080000|06|Y|Y,Q,M|C
05020103080200|Small Tankers Fleet Development||05020103080000|06|Y|Y,Q,M|C
05020104000000|Chemical Tankers||05020100000000|04|N||
05020104010000|Handy Chemical Tanker Fleet Development||05020104000000|05|Y|Y,Q,M|C
05020104020000|Total IMO I Tanker Fleet Development (1,000 dwt+)||05020104000000|05|Y|Y,Q,M|C
05020104030000|Total IMO II Tanker Fleet Development (1,000 dwt+)||05020104000000|05|Y|Y,Q,M|C
05020104040000|Total IMO III Tanker Fleet Development (1,000 dwt+)||05020104000000|05|Y|Y,Q,M|C
05020104050000|Total IMO-Graded (Unknown Grade) Tanker Fleet Development||05020104000000|05|Y|Y,Q,M|C
05020105000000|Combined Carriers||05020100000000|04|N||
05020105010000|Capesize 120K-160K DWT Combined Carrier Fleet Development||05020105000000|05|Y|Y,Q,M|C
05020105020000|Capesize 160K+ DWT Combined Carrier Fleet Development||05020105000000|05|Y|Y,Q,M|C
05020105030000|Capesize 80K-120K DWT Combined Carrier Fleet Development||05020105000000|05|Y|Y,Q,M|C
05020105040000|Combos trading in dry||05020105000000|05|Y|Y,Q,M|C
05020105050000|Combos trading in oil||05020105000000|05|Y|Y,Q,M|C
05020105060000|Handysize Combined Carrier Fleet Development||05020105000000|05|Y|Y,Q,M|C
05020105070000|Panamax Combined Carrier Fleet Development||05020105000000|05|Y|Y,Q,M|C
05020105080000|Total Combined Carrier Fleet Development||05020105000000|05|Y|Y,Q,M|C
05020106000000|Bulkers||05020100000000|04|N||
05020106010000|Bulkers General||05020106000000|05|N||
05020106010100|Bulkcarrier Fleet Growth||05020106010000|06|Y|Y,Q,M|C
05020106010200|Total Bulkcarrier Fleet Development||05020106010000|06|Y|Y,Q,M|C
05020106020000|Capesize Bulker||05020106000000|05|N||
05020106020100|Capesize Bulkcarrier Fleet Development||05020106020000|06|Y|Y,Q,M|C
05020106020200|Capesize Fleet Growth||05020106020000|06|Y|Y,Q,M|C
05020106030000|Panamax Bulker||05020106000000|05|N||
05020106030100|Panamax Bulkcarrier Fleet Development||05020106030000|06|Y|Y,Q,M|C
05020106030200|Panamax Fleet Growth||05020106030000|06|Y|Y,Q,M|C
05020106040000|Handymax Bulker||05020106000000|05|N||
05020106040100|Handymax Bulkcarrier Fleet Development||05020106040000|06|Y|Y,Q,M|C
05020106040200|Handymax Fleet Growth||05020106040000|06|Y|Y,Q,M|C
05020106050000|Handysize Bulker||05020106000000|05|N||
05020106050100|Handysize Bulkcarrier Fleet Development||05020106050000|06|Y|Y,Q,M|C
05020106050200|Handysize Fleet Growth||05020106050000|06|Y|Y,Q,M|C
05020107000000|LNG||05020100000000|04|N||
05020107010000|LNG General||05020107000000|05|N||
05020107010100|Fleet Development - Russian-Owned LNG Carriers||05020107010000|06|Y|Y,Q,M|C
05020107010200|LNG Fleet Growth||05020107010000|06|Y|Y,Q,M|C
05020107010300|Steam Turbine LNG Carrier Capacity||05020107010000|06|Y|Y,Q,M|C
05020107010400|Total LNG Fleet Development||05020107010000|06|Y|Y,Q,M|C
05020107020000|LNG 40K+ Cu. M.||05020107000000|05|N||
05020107020100|>140,000 Cu. M. LNG Fleet Development||05020107020000|06|Y|Y,Q,M|C
05020107020200|100-140K Cu. M. LNG Fleet Development||05020107020000|06|Y|Y,Q,M|C
05020107020300|40-59,999 Cu. M. LNG Fleet Development||05020107020000|06|Y|Y,Q,M|C
05020107020400|60-99,999 Cu. M. LNG Fleet Development||05020107020000|06|Y|Y,Q,M|C
05020107030000|LNG <40K Cu. M.||05020107000000|05|N||
05020107030100|<40K Cu. M. LNG Fleet Development||05020107030000|06|Y|Y,Q,M|C
05020107040000|Engine Type||05020107000000|05|N||
05020107040100|Steam Turbine Fleet > LNG > Steam Turbine||05020107040000|06|Y|Y,Q,M|C
05020107040200|2-Stroke Single Fuel Fleet > LNG > 2-Stroke Single Fuel||05020107040000|06|Y|Y,Q,M|C
05020107040300|4-Stroke Single Fuel Fleet > LNG > 4-Stroke Single Fuel||05020107040000|06|Y|Y,Q,M|C
05020107040400|4-Stroke Dual Fuel Fleet > LNG > 4-Stroke Dual Fuel||05020107040000|06|Y|Y,Q,M|C
05020107040500|Dual fuel Diesel Electric Fleet > LNG > Dual Fuel Diesel Electric||05020107040000|06|Y|Y,Q,M|C
05020107040600|2-Stroke Dual Fuel (High Pressure) Fleet > LNG > 2-Stroke Dual Fuel (High Pressure)||05020107040000|06|Y|Y,Q,M|C
05020107040700|2-Stroke Dual Fuel (Low Pressure) Fleet > LNG > 2-Stroke Dual Fuel (Low Pressure)||05020107040000|06|Y|Y,Q,M|C
05020107040800|Diesel Electric Fleet > LNG > Diesel Electric||05020107040000|06|Y|Y,Q,M|C
05020107050000|FSRU||05020107000000|05|N||
05020107050100|FSRU Fleet Development||05020107050000|06|Y|Y,Q,M|C
05020108000000|LPG||05020100000000|04|N||
05020108010000|LPG General||05020108000000|05|N||
05020108010100|LPG Fleet Growth||05020108010000|06|Y|Y,Q,M|C
05020108010200|Total LPG Fleet Development||05020108010000|06|Y|Y,Q,M|C
05020108020000|LPG 65K+ Cu. M.||05020108000000|05|N||
05020108020100|65,000+ Cu. M. LPG Fleet Development||05020108020000|06|Y|Y,Q,M|C
05020108020200|65,000+ Cu. M. LPG Fleet Growth||05020108020000|06|Y|Y,Q,M|C
05020108030000|LPG 45K-65K Cu. M.||05020108000000|05|N||
05020108030100|45-64,999 Cu. M. LPG Fleet Development||05020108030000|06|Y|Y,Q,M|C
05020108030200|45-64,999 Cu. M. LPG Fleet Growth||05020108030000|06|Y|Y,Q,M|C
05020108040000|LPG 20K-45K Cu. M.||05020108000000|05|N||
05020108040100|20-44,999 Cu. M. LPG Fleet Development||05020108040000|06|Y|Y,Q,M|C
05020108040200|20-44,999 Cu. M. LPG Fleet Growth||05020108040000|06|Y|Y,Q,M|C
05020108050000|LPG 5K-20K Cu. M.||05020108000000|05|N||
05020108050100|5-20,000 Cu. M. LPG Fleet Development||05020108050000|06|Y|Y,Q,M|C
05020108060000|LPG <5K Cu. M.||05020108000000|05|N||
05020108060100|<5,000 Cu. M. LPG Fleet Development||05020108060000|06|Y|Y,Q,M|C
05020109000000|Containerships||05020100000000|04|N||
05020109010000|Containerships General||05020109000000|05|N||
05020109010100|Total Containerships - % Idle/Laid Up/Scrubber Retrofit||05020109010000|06|Y|Y,Q,M|C
05020109010200|Containership <3,000 TEU Fleet Growth||05020109010000|06|Y|Y,Q,M|C
05020109010300|Containership 3,000-7,999 TEU Fleet Growth||05020109010000|06|Y|Y,Q,M|C
05020109010400|Containership 8,000 + TEU Fleet Development||05020109010000|06|Y|Y,Q,M|C
05020109010500|Containership 8,000+ TEU Fleet Growth||05020109010000|06|Y|Y,Q,M|C
05020109010600|Containership 8,000-16,999 TEU Fleet Development||05020109010000|06|Y|Y,Q,M|C
05020109010700|Containership 8,000-16,999 TEU Fleet Growth||05020109010000|06|Y|Y,Q,M|C
05020109010800|Containership Fleet Growth||05020109010000|06|Y|Y,Q,M|C
05020109010900|Total Containership Charter Owner Fleet Development||05020109010000|06|Y|Y,Q,M|C
05020109011000|Total Containership Fleet Development||05020109010000|06|Y|Y,Q,M|C
05020109011100|Total Containership Operator Owner Fleet Development||05020109010000|06|Y|Y,Q,M|C
05020109020000|Post-Panamax 17,000+ TEU||05020109000000|05|N||
05020109020100|17,000+ TEU Containership Fleet Growth||05020109020000|06|Y|Y,Q,M|C
05020109020200|Post-Panamax Containership 15,000+ TEU Fleet Development||05020109020000|06|Y|Y,Q,M|C
05020109020300|Post-Panamax Containership 17,000+ TEU Fleet Development||05020109020000|06|Y|Y,Q,M|C
05020109030000|Neo-Panamax 12,000-16,999 TEU||05020109000000|05|N||
05020109030100|Containership 12,000+ TEU Fleet Development||05020109030000|06|Y|Y,Q,M|C
05020109030200|Neo-Panamax Containership 12,000-14,999 TEU Fleet Development||05020109030000|06|Y|Y,Q,M|C
05020109030300|Neo-Panamax Containership 12,000-16,999 TEU Fleet Development||05020109030000|06|Y|Y,Q,M|C
05020109030400|Neo-Panamax Containership 12,000-16,999 TEU Fleet Growth||05020109030000|06|Y|Y,Q,M|C
05020109040000|Neo-Panamax 8,000-11,999 TEU||05020109000000|05|N||
05020109040100|Neo-Panamax Containership 8,000-11,999 TEU Fleet Development||05020109040000|06|Y|Y,Q,M|C
05020109040200|Neo-Panamax Containership 8,000-11,999 TEU Fleet Growth||05020109040000|06|Y|Y,Q,M|C
05020109050000|Intermediate 6,000-7,999 TEU||05020109000000|05|N||
05020109050100|Containership 3-7,999 TEU Fleet Development||05020109050000|06|Y|Y,Q,M|C
05020109050200|Intermediate Containership 6,000-7,999 TEU Fleet Development||05020109050000|06|Y|Y,Q,M|C
05020109060000|Intermediate 3,000-5,999 TEU||05020109000000|05|N||
05020109060100|Intermediate Containership 3,000-5,999 TEU Fleet Development||05020109060000|06|Y|Y,Q,M|C
05020109060200|Narrow Beam Containership 3,000+ TEU Fleet Development||05020109060000|06|Y|Y,Q,M|C
05020109070000|Feeder 100-2,999 TEU||05020109000000|05|N||
05020109070100|Feeder Containership 1,000-1,999 TEU Fleet Development||05020109070000|06|Y|Y,Q,M|C
05020109070200|Feeder Containership 100-2,999 TEU Fleet Development||05020109070000|06|Y|Y,Q,M|C
05020109070300|Feeder Containership 100-999 TEU Fleet Development||05020109070000|06|Y|Y,Q,M|C
05020109070400|Feeder Containership 2,000-2,999 TEU Fleet Development||05020109070000|06|Y|Y,Q,M|C
05020110000000|MPP||05020100000000|04|N||
05020110010000|MPP General||05020110000000|05|N||
05020110010100|Total MPP Fleet Development||05020110010000|06|Y|Y,Q,M|C
05020110020000|Handy (MPP) 1,000+ TEU||05020110000000|05|N||
05020110020100|1,000+ TEU MPP Fleet Development||05020110020000|06|Y|Y,Q,M|C
05020110030000|Feedermax (MPP) 750-999 TEU||05020110000000|05|N||
05020110030100|750-999 TEU MPP Fleet Development||05020110030000|06|Y|Y,Q,M|C
05020110040000|Feedermax (MPP) 500-749 TEU||05020110000000|05|N||
05020110040100|500-749 TEU MPP Fleet Development||05020110040000|06|Y|Y,Q,M|C
05020110050000|Feeder (MPP) 350-499 TEU||05020110000000|05|N||
05020110050100|350-499 TEU MPP Fleet Development||05020110050000|06|Y|Y,Q,M|C
05020110060000|Feeder (MPP) 200-349 TEU||05020110000000|05|N||
05020110060100|200-349 TEU MPP Fleet Development||05020110060000|06|Y|Y,Q,M|C
05020110070000|Feeder (MPP) 100-199 TEU||05020110000000|05|N||
05020110070100|<10,000 DWT MPP Fleet Development||05020110070000|06|Y|Y,Q,M|C
05020110070200|100-199 TEU MPP Fleet Development||05020110070000|06|Y|Y,Q,M|C
05020110070300|100-499 TEU MPP Fleet Development||05020110070000|06|Y|Y,Q,M|C
05020110070400|500-999 TEU MPP Fleet Development||05020110070000|06|Y|Y,Q,M|C
05020111000000|General Cargo||05020100000000|04|N||
05020111010000|General Cargo General||05020111000000|05|N||
05020111010100|Total General Cargo Fleet Development||05020111010000|06|Y|Y,Q,M|C
05020111020000|General Cargo 10,000+ DWT||05020111000000|05|N||
05020111020100|10,000-14,999 DWT General Cargo Fleet Development||05020111020000|06|Y|Y,Q,M|C
05020111020200|15,000-19,999 DWT General Cargo Fleet Development||05020111020000|06|Y|Y,Q,M|C
05020111020300|20,000+ DWT General Cargo Fleet Development||05020111020000|06|Y|Y,Q,M|C
05020111030000|General Cargo 5,000-9,999 DWT||05020111000000|05|N||
05020111030100|5,000-7,499 DWT General Cargo Fleet Development||05020111030000|06|Y|Y,Q,M|C
05020111030200|7,500-9,999 DWT General Cargo Fleet Development||05020111030000|06|Y|Y,Q,M|C
05020112000000|Reefer||05020100000000|04|N||
05020112010000|Reefer General||05020112000000|05|N||
05020112010100|Total Reefer Fleet Development||05020112010000|06|Y|Y,Q,M|C
05020112020000|Reefer 550,000+ Cu. Ft.||05020112000000|05|N||
05020112020100|550,000+ Cu. Ft. Reefer Fleet Development||05020112020000|06|Y|Y,Q,M|C
05020112030000|Reefer 450-549,999 Cu. Ft.||05020112000000|05|N||
05020112030100|450-549,999 Cu. Ft. Reefer Fleet Development||05020112030000|06|Y|Y,Q,M|C
05020112040000|Reefer 300-449,999 Cu. Ft.||05020112000000|05|N||
05020112040100|300-449,999 Cu. Ft. Reefer Fleet Development||05020112040000|06|Y|Y,Q,M|C
05020112050000|Reefer 200-299,999 Cu. Ft.||05020112000000|05|N||
05020112050100|200-299,999 Cu. Ft. Reefer Fleet Development||05020112050000|06|Y|Y,Q,M|C
05020112060000|Reefer 100-199,999 Cu. Ft.||05020112000000|05|N||
05020112060100|100-199,999 Cu. Ft. Reefer Fleet Development||05020112060000|06|Y|Y,Q,M|C
05020112070000|Reefer <100,000 Cu. Ft.||05020112000000|05|N||
05020112070100|<100,000 Cu. Ft. Reefer Fleet Development||05020112070000|06|Y|Y,Q,M|C
05020113000000|Ro-Ro||05020100000000|04|N||
05020113010000|Ro-Ro General||05020113000000|05|N||
05020113010100|Total RoRo Fleet Development||05020113010000|06|Y|Y,Q,M|C
05020113020000|Ro-Ro 15,000+ DWT||05020113000000|05|N||
05020113020100|15,000+ DWT RoRo Fleet Development||05020113020000|06|Y|Y,Q,M|C
05020113030000|Ro-Ro 10,000-14,999 DWT||05020113000000|05|N||
05020113030100|10,000-14,999 DWT RoRo Fleet Development||05020113030000|06|Y|Y,Q,M|C
05020113040000|Ro-Ro 7,500-9,999 DWT||05020113000000|05|N||
05020113040100|7,500-9,999 DWT RoRo Fleet Development||05020113040000|06|Y|Y,Q,M|C
05020113050000|Ro-Ro 5,000-7,499 DWT||05020113000000|05|N||
05020113050100|5,000-7,499 DWT RoRo Fleet Development||05020113050000|06|Y|Y,Q,M|C
05020113060000|Ro-Ro 2,000-4,999 DWT||05020113000000|05|N||
05020113060100|2,000-4,999 DWT RoRo Fleet Development||05020113060000|06|Y|Y,Q,M|C
05020113070000|Ro-Ro <2,000 DWT||05020113000000|05|N||
05020113070100|<2,000 DWT RoRo Fleet Development||05020113070000|06|Y|Y,Q,M|C
05020114000000|Ferry||05020100000000|04|N||
05020114010000|Total Ferry Fleet Development||05020114000000|05|Y|Y,Q,M|C
05020115000000|Cruise||05020100000000|04|N||
05020115010000|Cruise <2,000 GT Fleet Development||05020115000000|05|Y|Y,Q,M|C
05020115020000|Cruise <500 Berths Fleet Development||05020115000000|05|Y|Y,Q,M|C
05020115030000|Cruise 1,000 - 1,999 Berths Fleet Development||05020115000000|05|Y|Y,Q,M|C
05020115040000|Cruise 10,000 - 59,999 GT Fleet Development||05020115000000|05|Y|Y,Q,M|C
05020115050000|Cruise 100,000+ GT Fleet Development||05020115000000|05|Y|Y,Q,M|C
05020115060000|Cruise 2,000 - 2,999 Berths Fleet Development||05020115000000|05|Y|Y,Q,M|C
05020115070000|Cruise 2,000 - 9,999 GT Fleet Development||05020115000000|05|Y|Y,Q,M|C
05020115080000|Cruise 3,000+ Berths Fleet Development||05020115000000|05|Y|Y,Q,M|C
05020115090000|Cruise 500 - 999 Berths Fleet Development||05020115000000|05|Y|Y,Q,M|C
05020115100000|Cruise 60,000 - 99,999 GT Fleet Development||05020115000000|05|Y|Y,Q,M|C
05020115110000|Total Cruise Fleet Development||05020115000000|05|Y|Y,Q,M|C
05020116000000|PCC||05020100000000|04|N||
05020116010000|PCC General||05020116000000|05|N||
05020116010100|Total PCC Fleet Development||05020116010000|06|Y|Y,Q,M|C
05020116010200|Total PCC Fleet Growth||05020116010000|06|Y|Y,Q,M|C
05020116020000|PCC 6,000+ Vehicles||05020116000000|05|N||
05020116020100|PCC 6,000+ Vehicles Fleet Development||05020116020000|06|Y|Y,Q,M|C
05020116030000|PCC 4-5,999 Vehicles||05020116000000|05|N||
05020116030100|PCC 4-5,999 Vehicles Fleet Development||05020116030000|06|Y|Y,Q,M|C
05020116040000|PCC 2-3,999 Vehicles||05020116000000|05|N||
05020116040100|PCC 2-3,999 Vehicles Fleet Development||05020116040000|06|Y|Y,Q,M|C
05020116050000|PCC <2,000 Vehicles||05020116000000|05|N||
05020116050100|PCC <2,000 Vehicles Fleet Development||05020116050000|06|Y|Y,Q,M|C
05020117000000|Offshore||05020100000000|04|N||
05020117010000|Offshore General||05020117000000|05|N||
05020117010100|Anchor Handling Tug/Supply Fleet Development||05020117010000|06|Y|Y,Q,M|C
05020117010200|Crew/Workboat Fleet Development||05020117010000|06|Y|Y,Q,M|C
05020117010300|Offshore Fleet Development||05020117010000|06|Y|Y,Q,M|C
05020117010400|Other Offshore Types (Inc. Crew/WB) Fleet Development||05020117010000|06|Y|Y,Q,M|C
05020117010500|Other Offshore Types Fleet Development||05020117010000|06|Y|Y,Q,M|C
05020117010600|PSV/Supply Fleet Development||05020117010000|06|Y|Y,Q,M|C
05020117010700|Total Offshore Fleet Development||05020117010000|06|Y|Y,Q,M|C
05020117020000|AHT(S)||05020117000000|05|N||
05020117020100|AHT/S <2,500 GT Fleet Development||05020117020000|06|Y|Y,Q,M|C
05020117020200|AHT/S 2,500+ GTFleet Development||05020117020000|06|Y|Y,Q,M|C
05020117030000|PSV/Supply||05020117000000|05|N||
05020117030100|PSV <2,500 GT Fleet Development||05020117030000|06|Y|Y,Q,M|C
05020117030200|PSV 2,500+ GT Fleet Development||05020117030000|06|Y|Y,Q,M|C
05030000000000|Orderbook (주문서)||05000000000000|02|N||
05030100000000|Orderbook By Ship Type||05030000000000|03|N||
05030101000000|All Vessels||05030100000000|04|N||
05030101010000|World Orderbook||05030101000000|05|Y|Y,Q,M|C
05030101020000|World Orderbook % Fleet||05030101000000|05|Y|Y,Q,M|C
05030102000000|Oil Tankers||05030100000000|04|N||
05030102010000|Tanker General||05030102000000|05|N||
05030102010100|Tankers 10k + DWT Orderbook||05030102010000|06|Y|Y,Q,M|C
05030102010200|Total Tanker Orderbook % Fleet||05030102010000|06|Y|Y,Q,M|C
05030102020000|Product Tankers||05030102000000|05|N||
05030102020100|Aframax Product Tankers Orderbook||05030102020000|06|Y|Y,Q,M|C
05030102020200|MR Products Tanker 40,000-54,999 dwt Orderbook||05030102020000|06|Y|Y,Q,M|C
05030102020300|Panamax Product Tankers Orderbook||05030102020000|06|Y|Y,Q,M|C
05030102020400|Product Tanker 10K+ Orderbook % Fleet||05030102020000|06|Y|Y,Q,M|C
05030102020500|Product Tankers (10,000 + dwt tonnes) Orderbook||05030102020000|06|Y|Y,Q,M|C
05030102020600|Product Tankers (10-54,999 dwt tonnes) Orderbook||05030102020000|06|Y|Y,Q,M|C
05030102030000|ULCC/VLCC||05030102000000|05|N||
05030102030100|UL/VLCC Orderbook||05030102030000|06|Y|Y,Q,M|C
05030102030200|VLCC Orderbook % Fleet||05030102030000|06|Y|Y,Q,M|C
05030102040000|Suezmax Tanker||05030102000000|05|N||
05030102040100|Suezmax Crude Tankers (120-199,999 dwt tonnes) Orderbook||05030102040000|06|Y|Y,Q,M|C
05030102040200|Suezmax Orderbook||05030102040000|06|Y|Y,Q,M|C
05030102040300|Suezmax Orderbook % Fleet||05030102040000|06|Y|Y,Q,M|C
05030102050000|Aframax Tanker||05030102000000|05|N||
05030102050100|Aframax Crude Tankers (85-124,999 dwt tonnes) Orderbook||05030102050000|06|Y|Y,Q,M|C
05030102050200|Aframax Tanker Orderbook||05030102050000|06|Y|Y,Q,M|C
05030102050300|Crude Aframax Orderbook % Fleet||05030102050000|06|Y|Y,Q,M|C
05030102060000|Panamax Tanker||05030102000000|05|N||
05030102060100|Panamax Crude Tankers (55-84,999 dwt tonnes) Orderbook||05030102060000|06|Y|Y,Q,M|C
05030102060200|Panamax Tanker Orderbook||05030102060000|06|Y|Y,Q,M|C
05030102070000|Handysize Tanker||05030102000000|05|N||
05030102070100|Handysize Tanker Orderbook||05030102070000|06|Y|Y,Q,M|C
05030102080000|Small Tankers||05030102000000|05|N||
05030102080100|Small Tankers Orderbook||05030102080000|06|Y|Y,Q,M|C
05030102080200|Tankers <10K Orderbook||05030102080000|06|Y|Y,Q,M|C
05030102090000|Crude Tanker||05030102000000|05|N||
05030102090100|Crude Tanker Orderbook % Fleet||05030102090000|06|Y|Y,Q,M|C
05030102090200|Crude Tankers (55,000 + dwt tonnes) Orderbook||05030102090000|06|Y|Y,Q,M|C
05030103000000|Chemical Tankers||05030100000000|04|N||
05030103010000|Chemical Tankers (10-60,000 dwt tonnes) Orderbook||05030103000000|05|Y|Y,Q,M|C
05030104000000|Combined Carriers||05030100000000|04|N||
05030104010000|Combined Carriers Orderbook||05030104000000|05|Y|Y,Q,M|C
05030105000000|Bulkers||05030100000000|04|N||
05030105010000|Bulkers General||05030105000000|05|N||
05030105010100|Bulkcarrier Orderbook||05030105010000|06|Y|Y,Q,M|C
05030105010200|Bulkcarrier Orderbook % Fleet||05030105010000|06|Y|Y,Q,M|C
05030105020000|Capesize Bulker||05030105000000|05|N||
05030105020100|Capesize Bulker Orderbook||05030105020000|06|Y|Y,Q,M|C
05030105020200|Capesize Orderbook % Fleet||05030105020000|06|Y|Y,Q,M|C
05030105030000|Panamax Bulker||05030105000000|05|N||
05030105030100|Panamax Bulker Orderbook||05030105030000|06|Y|Y,Q,M|C
05030105030200|Panamax Orderbook % Fleet||05030105030000|06|Y|Y,Q,M|C
05030105040000|Handymax Bulker||05030105000000|05|N||
05030105040100|Handymax Bulker Orderbook||05030105040000|06|Y|Y,Q,M|C
05030105040200|Handymax Orderbook % Fleet||05030105040000|06|Y|Y,Q,M|C
05030105050000|Handysize Bulker||05030105000000|05|N||
05030105050100|Handysize Bulker Orderbook||05030105050000|06|Y|Y,Q,M|C
05030105050200|Handysize Orderbook % Fleet||05030105050000|06|Y|Y,Q,M|C
05030106000000|LNG||05030100000000|04|N||
05030106010000|LNG General||05030106000000|05|N||
05030106010100|LNG Orderbook||05030106010000|06|Y|Y,Q,M|C
05030106010200|LNG Orderbook % Fleet||05030106010000|06|Y|Y,Q,M|C
05030106020000|LNG 40K+ Cu. M.||05030106000000|05|N||
05030106020100|LNG 100-140K Cu. M. Orderbook||05030106020000|06|Y|Y,Q,M|C
05030106020200|LNG 140K + Cu. M. Orderbook||05030106020000|06|Y|Y,Q,M|C
05030106020300|LNG 40-60K Cu. M. Orderbook||05030106020000|06|Y|Y,Q,M|C
05030106020400|LNG 60-100K Cu. M. Orderbook||05030106020000|06|Y|Y,Q,M|C
05030106030000|LNG <40K Cu. M.||05030106000000|05|N||
05030106030100|LNG <40K Cu. M. Orderbook||05030106030000|06|Y|Y,Q,M|C
05030106040000|FSRU||05030106000000|05|N||
05030106040100|FSRU Orderbook||05030106040000|06|Y|Y,Q,M|C
05030107000000|LPG||05030100000000|04|N||
05030107010000|LPG General||05030107000000|05|N||
05030107010100|LPG Orderbook||05030107010000|06|Y|Y,Q,M|C
05030107010200|LPG Orderbook % Fleet||05030107010000|06|Y|Y,Q,M|C
05030107020000|LPG 65K+ Cu. M.||05030107000000|05|N||
05030107020100|LPG 65K + Cu. M. Orderbook||05030107020000|06|Y|Y,Q,M|C
05030107030000|LPG 45K-65K Cu. M.||05030107000000|05|N||
05030107030100|LPG 45-65K Cu. M. Orderbook||05030107030000|06|Y|Y,Q,M|C
05030107040000|LPG 20K-45K Cu. M.||05030107000000|05|N||
05030107040100|LPG 20-45K Cu. M. Orderbook||05030107040000|06|Y|Y,Q,M|C
05030107050000|LPG 5K-20K Cu. M.||05030107000000|05|N||
05030107050100|LPG 5-20K + Cu. M. Orderbook||05030107050000|06|Y|Y,Q,M|C
05030107060000|LPG <5K Cu. M.||05030107000000|05|N||
05030107060100|LPG <5K + Cu. M. Orderbook||05030107060000|06|Y|Y,Q,M|C
05030108000000|Containerships||05030100000000|04|N||
05030108010000|Containerships General||05030108000000|05|N||
05030108010100|Containership (3,000-7,999 TEU) Orderbook||05030108010000|06|Y|Y,Q,M|C
05030108010200|Containership (8,000 + TEU) Orderbook||05030108010000|06|Y|Y,Q,M|C
05030108010300|Containership <3,000 TEU Orderbook % Fleet||05030108010000|06|Y|Y,Q,M|C
05030108010400|Containership 3-7,999 TEU Orderbook % Fleet||05030108010000|06|Y|Y,Q,M|C
05030108010500|Containership 8,000+ TEU Orderbook % Fleet||05030108010000|06|Y|Y,Q,M|C
05030108010600|Containership Orderbook||05030108010000|06|Y|Y,Q,M|C
05030108010700|Containership Orderbook % Fleet||05030108010000|06|Y|Y,Q,M|C
05030108020000|Post-Panamax 17,000+ TEU||05030108000000|05|N||
05030108020100|Post-Panamax Containership 15,000+ TEU Orderbook||05030108020000|06|Y|Y,Q,M|C
05030108020200|Post-Panamax Containership 17,000+ TEU Orderbook||05030108020000|06|Y|Y,Q,M|C
05030108030000|Neo-Panamax 12,000-16,999 TEU||05030108000000|05|N||
05030108030100|Containership 12,000+ TEU Orderbook||05030108030000|06|Y|Y,Q,M|C
05030108030200|Neo-Panamax Containership 12,000-14,999 TEU Orderbook||05030108030000|06|Y|Y,Q,M|C
05030108030300|Neo-Panamax Containership 12,000-16,999 TEU Orderbook||05030108030000|06|Y|Y,Q,M|C
05030108040000|Neo-Panamax 8,000-11,999 TEU||05030108000000|05|N||
05030108040100|Neo-Panamax Containership 8,000-11,999 TEU Orderbook||05030108040000|06|Y|Y,Q,M|C
05030108050000|Intermediate 6,000-7,999 TEU||05030108000000|05|N||
05030108050100|Intermediate Containership 6,000-7,999 TEU Orderbook||05030108050000|06|Y|Y,Q,M|C
05030108060000|Intermediate 3,000-5,999 TEU||05030108000000|05|N||
05030108060100|Intermediate Containership 3,000-5,999 TEU Orderbook||05030108060000|06|Y|Y,Q,M|C
05030108060200|Narrow Beam Containership 3,000+ TEU Orderbook||05030108060000|06|Y|Y,Q,M|C
05030108070000|Feeder 100-2,999 TEU||05030108000000|05|N||
05030108070100|Feeder Containership 1,000-1,999 TEU Orderbook||05030108070000|06|Y|Y,Q,M|C
05030108070200|Feeder Containership 100-2,999 TEU Orderbook||05030108070000|06|Y|Y,Q,M|C
05030108070300|Feeder Containership 100-999 TEU Orderbook||05030108070000|06|Y|Y,Q,M|C
05030108070400|Feeder Containership 2,000-2,999 TEU Orderbook||05030108070000|06|Y|Y,Q,M|C
05030109000000|MPP||05030100000000|04|N||
05030109010000|MPP General||05030109000000|05|N||
05030109010100|MPP Orderbook||05030109010000|06|Y|Y,Q,M|C
05030109020000|Handy (MPP) 1,000+ TEU||05030109000000|05|N||
05030109020100|MPP 1,000-1,999 TEU Orderbook||05030109020000|06|Y|Y,Q,M|C
05030109030000|Feedermax (MPP) 750-999 TEU||05030109000000|05|N||
05030109030100|MPP 750-999 TEU Orderbook||05030109030000|06|Y|Y,Q,M|C
05030109040000|Feedermax (MPP) 500-749 TEU||05030109000000|05|N||
05030109040100|MPP 500-749 TEU Orderbook||05030109040000|06|Y|Y,Q,M|C
05030109050000|Feeder (MPP) 350-499 TEU||05030109000000|05|N||
05030109050100|MPP 350-499 TEU Orderbook||05030109050000|06|Y|Y,Q,M|C
05030109060000|Feeder (MPP) 200-349 TEU||05030109000000|05|N||
05030109060100|MPP 200-349 TEU Orderbook||05030109060000|06|Y|Y,Q,M|C
05030109070000|Feeder (MPP) 100-199 TEU||05030109000000|05|N||
05030109070100|MPP 100-199 TEU Orderbook||05030109070000|06|Y|Y,Q,M|C
05030110000000|General Cargo||05030100000000|04|N||
05030110010000|General Cargo General||05030110000000|05|N||
05030110010100|General Cargo Orderbook||05030110010000|06|Y|Y,Q,M|C
05030110020000|General Cargo 10,000+ DWT||05030110000000|05|N||
05030110020100|10,000-14,999 DWT General Cargo Orderbook||05030110020000|06|Y|Y,Q,M|C
05030110020200|15,000-19,999 DWT General Cargo Dwt. Orderbook||05030110020000|06|Y|Y,Q,M|C
05030110020300|20,000+ DWT General Cargo Orderbook||05030110020000|06|Y|Y,Q,M|C
05030110030000|General Cargo 5,000-9,999 DWT||05030110000000|05|N||
05030110030100|7,500-9,999 DWT General Cargo Orderbook||05030110030000|06|Y|Y,Q,M|C
05030110030200|5,000-7,500 DWT General Cargo Orderbook||05030110030000|06|Y|Y,Q,M|C
05030111000000|Reefer||05030100000000|04|N||
05030111010000|Reefer General||05030111000000|05|N||
05030111010100|Reefer Orderbook||05030111010000|06|Y|Y,Q,M|C
05030111020000|Reefer 550,000+ Cu. Ft.||05030111000000|05|N||
05030111020100|Reefers 550,000 & Above Cu. Ft. Orderbook||05030111020000|06|Y|Y,Q,M|C
05030111030000|Reefer 450-549,999 Cu. Ft.||05030111000000|05|N||
05030111030100|Reefers 450-549,999 Cu. Ft. Orderbook||05030111030000|06|Y|Y,Q,M|C
05030111040000|Reefer 300-449,999 Cu. Ft.||05030111000000|05|N||
05030111040100|Reefers 300-449,999 Cu. Ft. Orderbook||05030111040000|06|Y|Y,Q,M|C
05030111050000|Reefer 200-299,999 Cu. Ft.||05030111000000|05|N||
05030111050100|Reefers 200-299,999 Cu. Ft. Orderbook||05030111050000|06|Y|Y,Q,M|C
05030111060000|Reefer 100-199,999 Cu. Ft.||05030111000000|05|N||
05030111060100|Reefers 100-199,999 Cu. Ft. Orderbook||05030111060000|06|Y|Y,Q,M|C
05030111070000|Reefer <100,000 Cu. Ft.||05030111000000|05|N||
05030111070100|Reefers Less Than 100,000 Cu. Ft. Orderbook||05030111070000|06|Y|Y,Q,M|C
05030112000000|Ro-Ro||05030100000000|04|N||
05030112010000|Ro-Ro General||05030112000000|05|N||
05030112010100|RoRo Orderbook||05030112010000|06|Y|Y,Q,M|C
05030112020000|Ro-Ro 15,000+ DWT||05030112000000|05|N||
05030112020100|Ro-Ro (15,000 & Above dwt) Orderbook||05030112020000|06|Y|Y,Q,M|C
05030112030000|Ro-Ro 10,000-14,999 DWT||05030112000000|05|N||
05030112030100|Ro-Ro (10,000-14,999 dwt) Orderbook||05030112030000|06|Y|Y,Q,M|C
05030112040000|Ro-Ro 7,500-9,999 DWT||05030112000000|05|N||
05030112040100|Ro-Ro (7,500-9,999 dwt) Orderbook||05030112040000|06|Y|Y,Q,M|C
05030112050000|Ro-Ro 5,000-7,499 DWT||05030112000000|05|N||
05030112050100|Ro-Ro (5,000-7,499 dwt) Orderbook||05030112050000|06|Y|Y,Q,M|C
05030112060000|Ro-Ro 2,000-4,999 DWT||05030112000000|05|N||
05030112060100|Ro-Ro (2,000-4,999 dwt) Orderbook||05030112060000|06|Y|Y,Q,M|C
05030112070000|Ro-Ro <2,000 DWT||05030112000000|05|N||
05030112070100|Ro-Ro (Less Than 2,000 dwt) Orderbook||05030112070000|06|Y|Y,Q,M|C
05030113000000|Ferry||05030100000000|04|N||
05030113010000|Total Ferry Orderbook||05030113000000|05|Y|Y,Q,M|C
05030114000000|Cruise||05030100000000|04|N||
05030114010000|Cruise Orderbook||05030114000000|05|Y|Y,Q,M|C
05030115000000|PCC||05030100000000|04|N||
05030115010000|PCC General||05030115000000|05|N||
05030115010100|PCC Orderbook % Fleet||05030115010000|06|Y|Y,Q,M|C
05030115010200|Total PCC Orderbook||05030115010000|06|Y|Y,Q,M|C
05030115020000|PCC 6,000+ Vehicles||05030115000000|05|N||
05030115020100|PCC 6,000+ Vehicles Orderbook||05030115020000|06|Y|Y,Q,M|C
05030115030000|PCC 4-5,999 Vehicles||05030115000000|05|N||
05030115030100|PCC 4-5,999 Vehicles Orderbook||05030115030000|06|Y|Y,Q,M|C
05030115040000|PCC 2-3,999 Vehicles||05030115000000|05|N||
05030115040100|PCC 2-3,999 Vehicles Orderbook||05030115040000|06|Y|Y,Q,M|C
05030115050000|PCC <2,000 Vehicles||05030115000000|05|N||
05030115050100|PCC <2,000 Vehicles Orderbook||05030115050000|06|Y|Y,Q,M|C
05030116000000|Offshore||05030100000000|04|N||
05030116010000|Offshore General||05030116000000|05|N||
05030116010100|Offshore Orderbook||05030116010000|06|Y|Y,Q,M|C
05030116020000|AHT(S)||05030116000000|05|N||
05030116020100|Anchor Handling Tug/Supply Orderbook||05030116020000|06|Y|Y,Q,M|C
05030116030000|PSV/Supply||05030116000000|05|N||
05030116030100|PSV/Supply Orderbook||05030116030000|06|Y|Y,Q,M|C
05030116040000|Crew/Workboat||05030116000000|05|N||
05030116040100|Crew/Workboat Orderbook||05030116040000|06|Y|Y,Q,M|C
05030116050000|Other Offshore||05030116000000|05|N||
05030116050100|Other Types Orderbook||05030116050000|06|Y|Y,Q,M|C
05030200000000|Orderbook By Builder Region||05030000000000|03|N||
05030201000000|Orderbook by Region - All Others||05030200000000|04|Y|Y,Q,M|C
05030202000000|Orderbook by Region - Asia||05030200000000|04|Y|Y,Q,M|C
05030203000000|Orderbook by Region - Europe||05030200000000|04|Y|Y,Q,M|C
05030204000000|Orderbook by Region - World||05030200000000|04|Y|Y,Q,M|C
05030300000000|Orderbook By Builder Country/Region||05030000000000|03|N||
05030301000000|Orderbook by Area - Other Asia||05030300000000|04|Y|Y,Q,M|C
05030302000000|Orderbook by Area - Other Europe||05030300000000|04|Y|Y,Q,M|C
05030303000000|Orderbook by Area - Others||05030300000000|04|Y|Y,Q,M|C
05030304000000|Orderbook by Area - World||05030300000000|04|Y|Y,Q,M|C
05030305000000|Orderbook by Country/Region of Build - Brazil||05030300000000|04|Y|Y,Q,M|C
05030306000000|Orderbook by Country/Region of Build - Denmark||05030300000000|04|Y|Y,Q,M|C
05030307000000|Orderbook by Country/Region of Build - Finland||05030300000000|04|Y|Y,Q,M|C
05030308000000|Orderbook by Country/Region of Build - France||05030300000000|04|Y|Y,Q,M|C
05030309000000|Orderbook by Country/Region of Build - Germany||05030300000000|04|Y|Y,Q,M|C
05030310000000|Orderbook by Country/Region of Build - Indonesia||05030300000000|04|Y|Y,Q,M|C
05030311000000|Orderbook by Country/Region of Build - Italy||05030300000000|04|Y|Y,Q,M|C
05030312000000|Orderbook by Country/Region of Build - Japan||05030300000000|04|Y|Y,Q,M|C
05030313000000|Orderbook by Country/Region of Build - Netherlands||05030300000000|04|Y|Y,Q,M|C
05030314000000|Orderbook by Country/Region of Build - Norway||05030300000000|04|Y|Y,Q,M|C
05030315000000|Orderbook by Country/Region of Build - P.R. China||05030300000000|04|Y|Y,Q,M|C
05030316000000|Orderbook by Country/Region of Build - Poland||05030300000000|04|Y|Y,Q,M|C
05030317000000|Orderbook by Country/Region of Build - South Korea||05030300000000|04|Y|Y,Q,M|C
05030318000000|Orderbook by Country/Region of Build - Spain||05030300000000|04|Y|Y,Q,M|C
05030319000000|Orderbook by Country/Region of Build - Turkey||05030300000000|04|Y|Y,Q,M|C
05030320000000|Orderbook by Country/Region of Build - Ukraine||05030300000000|04|Y|Y,Q,M|C
05030321000000|Orderbook by Country/Region of Build - USA||05030300000000|04|Y|Y,Q,M|C
05030322000000|All Vessels Orderbook by Country/Region of Owner - Russia||05030300000000|04|Y|Y,Q,M|C
05030323000000|Orderbook - Russian-Owned Crude Tankers||05030300000000|04|Y|Y,Q,M|C
05030324000000|Orderbook - Russian-Owned Product (10,000+ dwt) Tankers||05030300000000|04|Y|Y,Q,M|C
05030325000000|Orderbook - Russian-Owned Aframax (85-124,999 dwt) Crude Tankers||05030300000000|04|Y|Y,Q,M|C
05030326000000|Orderbook - Russian-Owned LNG Carriers||05030300000000|04|Y|Y,Q,M|C
05030400000000|No. of Shipyards||05030000000000|03|N||
05030401000000|No. Active Shipyards, China||05030400000000|04|Y|Y,Q,M|C
05030402000000|No. Active Shipyards, Europe||05030400000000|04|Y|Y,Q,M|C
05030403000000|No. Active Shipyards, Global||05030400000000|04|Y|Y,Q,M|C
05030404000000|No. Active Shipyards, Global 20,000+ dwt||05030400000000|04|Y|Y,Q,M|C
05030405000000|No. Active Shipyards, Japan||05030400000000|04|Y|Y,Q,M|C
05030406000000|No. Active Shipyards, South Korea||05030400000000|04|Y|Y,Q,M|C
05040000000000|Newbuild Contracts (신축 계약)||05000000000000|02|N||
05040100000000|Contracts By Ship Type||05040000000000|03|N||
05040101000000|All Vessels||05040100000000|04|N||
05040101010000|Total Contracting (1,000+ GT)||05040101000000|05|Y|Y,Q,M|C
05040101020000|Total Contracting (100+ GT)||05040101000000|05|Y|Y,Q,M|C
05040101030000|Total Contracting (2,000+ dwt/GT)||05040101000000|05|Y|Y,Q,M|C
05040101040000|Total Contracting (20,000+ dwt)||05040101000000|05|Y|Y,Q,M|C
05040102000000|Oil Tankers||05040100000000|04|N||
05040102010000|Tanker General||05040102000000|05|N||
05040102010100|Tankers 10k + DWT Contracting||05040102010000|06|Y|Y,Q,M|C
05040102020000|Product Tankers||05040102000000|05|N||
05040102020100|Aframax Product Tankers Contracting||05040102020000|06|Y|Y,Q,M|C
05040102020200|MR Products Tanker 40,000-54,999 dwt Contracting||05040102020000|06|Y|Y,Q,M|C
05040102020300|Oil & Products Panamax Tankers Contracting||05040102020000|06|Y|Y,Q,M|C
05040102020400|Product Tankers (10-54,999 dwt tonnes) Contracting||05040102020000|06|Y|Y,Q,M|C
05040102030000|ULCC/VLCC||05040102000000|05|N||
05040102030100|UL/VLCC Contracting||05040102030000|06|Y|Y,Q,M|C
05040102040000|Suezmax Tanker||05040102000000|05|N||
05040102040100|Suezmax Contracting||05040102040000|06|Y|Y,Q,M|C
05040102050000|Aframax Tanker||05040102000000|05|N||
05040102050100|Aframax Tanker Contracting||05040102050000|06|Y|Y,Q,M|C
05040102060000|Panamax Tanker||05040102000000|05|N||
05040102060100|Panamax Tanker Contracting||05040102060000|06|Y|Y,Q,M|C
05040102070000|Handysize Tanker||05040102000000|05|N||
05040102070100|Handysize Tanker Contracting||05040102070000|06|Y|Y,Q,M|C
05040102080000|Small Tankers||05040102000000|05|N||
05040102080100|Small Tankers Contracting||05040102080000|06|Y|Y,Q,M|C
05040102080200|Tankers <10K Contracting||05040102080000|06|Y|Y,Q,M|C
05040103000000|Chemical Tankers||05040100000000|04|N||
05040103010000|Chemical Tankers (10-54,999 dwt tonnes) Contracting||05040103000000|05|Y|Y,Q,M|C
05040104000000|Combined Carriers||05040100000000|04|N||
05040104010000|Combination Carriers (120-160K DWT) Contracting||05040104000000|05|Y|Y,Q,M|C
05040104020000|Combination Carriers (80-120K DWT) Contracting||05040104000000|05|Y|Y,Q,M|C
05040104030000|Combined Carriers Contracting||05040104000000|05|Y|Y,Q,M|C
05040105000000|Bulkers||05040100000000|04|N||
05040105010000|Bulkers General||05040105000000|05|N||
05040105010100|Bulkcarrier Contracting||05040105010000|06|Y|Y,Q,M|C
05040105020000|Capesize Bulker||05040105000000|05|N||
05040105020100|Capesize Bulker Contracting||05040105020000|06|Y|Y,Q,M|C
05040105030000|Panamax Bulker||05040105000000|05|N||
05040105030100|Panamax Bulker Contracting||05040105030000|06|Y|Y,Q,M|C
05040105040000|Handymax Bulker||05040105000000|05|N||
05040105040100|Handymax Bulker Contracting||05040105040000|06|Y|Y,Q,M|C
05040105050000|Handysize Bulker||05040105000000|05|N||
05040105050100|Handysize Bulker Contracting||05040105050000|06|Y|Y,Q,M|C
05040106000000|LNG||05040100000000|04|N||
05040106010000|LNG General||05040106000000|05|N||
05040106010100|LNG Contracting||05040106010000|06|Y|Y,Q,M|C
05040106020000|LNG 40K+ Cu. M.||05040106000000|05|N||
05040106020100|LNG 100-140K Cu. M. Contracting||05040106020000|06|Y|Y,Q,M|C
05040106020200|LNG 140K + Cu. M. Contracting||05040106020000|06|Y|Y,Q,M|C
05040106020300|LNG 60-100K Cu. M. Contracting||05040106020000|06|Y|Y,Q,M|C
05040106030000|LNG <40K Cu. M.||05040106000000|05|N||
05040106030100|LNG <40K Cu. M. Contracting||05040106030000|06|Y|Y,Q,M|C
05040106040000|FSRU||05040106000000|05|N||
05040106040100|FSRU Contracts||05040106040000|06|Y|Y,Q,M|C
05040107000000|LPG||05040100000000|04|N||
05040107010000|LPG General||05040107000000|05|N||
05040107010100|LPG Contracting||05040107010000|06|Y|Y,Q,M|C
05040107020000|LPG 65K+ Cu. M.||05040107000000|05|N||
05040107020100|LPG 65K + Cu. M. Contracting||05040107020000|06|Y|Y,Q,M|C
05040107030000|LPG 45K-65K Cu. M.||05040107000000|05|N||
05040107030100|LPG 45-65K Cu. M. Contracting||05040107030000|06|Y|Y,Q,M|C
05040107040000|LPG 20K-45K Cu. M.||05040107000000|05|N||
05040107040100|LPG 20-45K Cu. M. Contracting||05040107040000|06|Y|Y,Q,M|C
05040107050000|LPG 5K-20K Cu. M.||05040107000000|05|N||
05040107050100|LPG 5-20K + Cu. M. Contracting||05040107050000|06|Y|Y,Q,M|C
05040107060000|LPG <5K Cu. M.||05040107000000|05|N||
05040107060100|LPG <5K + Cu. M. Contracting||05040107060000|06|Y|Y,Q,M|C
05040108000000|Containerships||05040100000000|04|N||
05040108010000|Containerships General||05040108000000|05|N||
05040108010100|Containership (3,000-7,999 TEU) Contracting||05040108010000|06|Y|Y,Q,M|C
05040108010200|Containership (8,000 + TEU) Contracting||05040108010000|06|Y|Y,Q,M|C
05040108010300|Containership Contracting||05040108010000|06|Y|Y,Q,M|C
05040108020000|Post-Panamax 17,000+ TEU||05040108000000|05|N||
05040108020100|Post-Panamax Containership 15,000+ TEU Contracting||05040108020000|06|Y|Y,Q,M|C
05040108020200|Post-Panamax Containership 17,000+ TEU Contracting||05040108020000|06|Y|Y,Q,M|C
05040108030000|Neo-Panamax 12,000-16,999 TEU||05040108000000|05|N||
05040108030100|Containership (12,000 + TEU) Contracting||05040108030000|06|Y|Y,Q,M|C
05040108030200|Neo-Panamax Containership 12,000-14,999 TEU Contracting||05040108030000|06|Y|Y,Q,M|C
05040108030300|Neo-Panamax Containership 12,000-16,999 TEU Contracting||05040108030000|06|Y|Y,Q,M|C
05040108040000|Neo-Panamax 8,000-11,999 TEU||05040108000000|05|N||
05040108040100|Neo-Panamax Containership 8,000-11,999 TEU Contracting||05040108040000|06|Y|Y,Q,M|C
05040108050000|Intermediate 6,000-7,999 TEU||05040108000000|05|N||
05040108050100|Intermediate Containership 6,000-7,999 TEU Contracting||05040108050000|06|Y|Y,Q,M|C
05040108060000|Intermediate 3,000-5,999 TEU||05040108000000|05|N||
05040108060100|Intermediate Containership 3,000-5,999 TEU Contracting||05040108060000|06|Y|Y,Q,M|C
05040108060200|Narrow Beam Containership 3,000+ TEU Contracting||05040108060000|06|Y|Y,Q,M|C
05040108070000|Feeder 100-2,999 TEU||05040108000000|05|N||
05040108070100|Feeder Containership 1,000-1,999 TEU Contracting||05040108070000|06|Y|Y,Q,M|C
05040108070200|Feeder Containership 100-2,999 TEU Contracting||05040108070000|06|Y|Y,Q,M|C
05040108070300|Feeder Containership 100-999 TEU Contracting||05040108070000|06|Y|Y,Q,M|C
05040108070400|Feeder Containership 2,000-2,999 TEU Contracting||05040108070000|06|Y|Y,Q,M|C
05040109000000|MPP||05040100000000|04|N||
05040109010000|MPP General||05040109000000|05|N||
05040109010100|MPP Contracting||05040109010000|06|Y|Y,Q,M|C
05040109020000|Handy (MPP) 1,000+ TEU||05040109000000|05|N||
05040109020100|MPP 1,000-1,999 TEU Contracting||05040109020000|06|Y|Y,Q,M|C
05040109030000|Feedermax (MPP) 750-999 TEU||05040109000000|05|N||
05040109030100|MPP 750-999 TEU Contracting||05040109030000|06|Y|Y,Q,M|C
05040109040000|Feedermax (MPP) 500-749 TEU||05040109000000|05|N||
05040109040100|MPP 500-749 TEU Contracting||05040109040000|06|Y|Y,Q,M|C
05040109040200|Multi-Purpose (500-999 TEU) Contracting||05040109040000|06|Y|Y,Q,M|C
05040109050000|Feeder (MPP) 350-499 TEU||05040109000000|05|N||
05040109050100|MPP 350-499 TEU Contracting||05040109050000|06|Y|Y,Q,M|C
05040109060000|Feeder (MPP) 200-349 TEU||05040109000000|05|N||
05040109060100|MPP 200-349 TEU Contracting||05040109060000|06|Y|Y,Q,M|C
05040109070000|Feeder (MPP) 100-199 TEU||05040109000000|05|N||
05040109070100|MPP 100-199 TEU Contracting||05040109070000|06|Y|Y,Q,M|C
05040109070200|Multi-Purpose (100-499 TEU) Contracting||05040109070000|06|Y|Y,Q,M|C
05040110000000|General Cargo||05040100000000|04|N||
05040110010000|General Cargo General||05040110000000|05|N||
05040110010100|General Cargo Contracting||05040110010000|06|Y|Y,Q,M|C
05040110020000|General Cargo 10,000+ DWT||05040110000000|05|N||
05040110020100|10,000-14,999 DWT General Cargo Contracting||05040110020000|06|Y|Y,Q,M|C
05040110020200|20,000+ DWT General Cargo Contracting||05040110020000|06|Y|Y,Q,M|C
05040110030000|General Cargo 5,000-9,999 DWT||05040110000000|05|N||
05040110030100|7,500-9,999 DWT General Cargo Contracting||05040110030000|06|Y|Y,Q,M|C
05040110030200|5,000-7,500 DWT General Cargo Contracting||05040110030000|06|Y|Y,Q,M|C
05040111000000|Reefer||05040100000000|04|N||
05040111010000|Reefer General||05040111000000|05|N||
05040111010100|Reefer Contracting||05040111010000|06|Y|Y,Q,M|C
05040111020000|Reefer 550,000+ Cu. Ft.||05040111000000|05|N||
05040111020100|Reefers 550,000 & Above Cu. Ft. Contracting||05040111020000|06|Y|Y,Q,M|C
05040111030000|Reefer 450-549,999 Cu. Ft.||05040111000000|05|N||
05040111030100|Reefers 450-549,999 Cu. Ft. Contracting||05040111030000|06|Y|Y,Q,M|C
05040111040000|Reefer 300-449,999 Cu. Ft.||05040111000000|05|N||
05040111040100|Reefers 300-449,999 Cu. Ft. Contracting||05040111040000|06|Y|Y,Q,M|C
05040111050000|Reefer 200-299,999 Cu. Ft.||05040111000000|05|N||
05040111050100|Reefers 200-299,999 Cu. Ft. Contracting||05040111050000|06|Y|Y,Q,M|C
05040111060000|Reefer 100-199,999 Cu. Ft.||05040111000000|05|N||
05040111060100|Reefers 100-199,999 Cu. Ft. Contracting||05040111060000|06|Y|Y,Q,M|C
05040111070000|Reefer <100,000 Cu. Ft.||05040111000000|05|N||
05040111070100|Reefers Less Than 100,000 Cu. Ft. Contracting||05040111070000|06|Y|Y,Q,M|C
05040112000000|Ro-Ro||05040100000000|04|N||
05040112010000|Ro-Ro General||05040112000000|05|N||
05040112010100|RoRo Contracting||05040112010000|06|Y|Y,Q,M|C
05040112020000|Ro-Ro 15,000+ DWT||05040112000000|05|N||
05040112020100|Ro-Ro (15,000 & Above dwt) Contracting||05040112020000|06|Y|Y,Q,M|C
05040112030000|Ro-Ro 10,000-14,999 DWT||05040112000000|05|N||
05040112030100|Ro-Ro (10,000-14,999 dwt) Contracting||05040112030000|06|Y|Y,Q,M|C
05040112040000|Ro-Ro 7,500-9,999 DWT||05040112000000|05|N||
05040112040100|Ro-Ro (7,500-9,999 dwt) Contracting||05040112040000|06|Y|Y,Q,M|C
05040112050000|Ro-Ro 5,000-7,499 DWT||05040112000000|05|N||
05040112050100|Ro-Ro (5,000-7,499 dwt) Contracting||05040112050000|06|Y|Y,Q,M|C
05040112060000|Ro-Ro 2,000-4,999 DWT||05040112000000|05|N||
05040112060100|Ro-Ro (2,000-4,999 dwt) Contracting||05040112060000|06|Y|Y,Q,M|C
05040112070000|Ro-Ro <2,000 DWT||05040112000000|05|N||
05040112070100|Ro-Ro (Less Than 2,000 dwt) Contracting||05040112070000|06|Y|Y,Q,M|C
05040113000000|Ferry||05040100000000|04|N||
05040113010000|Total Ferry Contracting||05040113000000|05|Y|Y,Q,M|C
05040114000000|Cruise||05040100000000|04|N||
05040114010000|Cruise Contracting||05040114000000|05|Y|Y,Q,M|C
05040115000000|PCC||05040100000000|04|N||
05040115010000|PCC General||05040115000000|05|N||
05040115010100|Total PCC Contracting||05040115010000|06|Y|Y,Q,M|C
05040115020000|PCC 6,000+ Vehicles||05040115000000|05|N||
05040115020100|PCC 6,000+ Vehicles Contracting||05040115020000|06|Y|Y,Q,M|C
05040115030000|PCC 4-5,999 Vehicles||05040115000000|05|N||
05040115030100|PCC 4-5,999 Vehicles Contracting||05040115030000|06|Y|Y,Q,M|C
05040115040000|PCC 2-3,999 Vehicles||05040115000000|05|N||
05040115040100|PCC 2-3,999 Vehicles Contracting||05040115040000|06|Y|Y,Q,M|C
05040115050000|PCC <2,000 Vehicles||05040115000000|05|N||
05040115050100|PCC <2,000 Vehicles Contracting||05040115050000|06|Y|Y,Q,M|C
05040116000000|Offshore||05040100000000|04|N||
05040116010000|Offshore General||05040116000000|05|N||
05040116010100|Offshore Contracting||05040116010000|06|Y|Y,Q,M|C
05040116020000|AHT(S)||05040116000000|05|N||
05040116020100|Anchor Handling Tug/Supply Contracting||05040116020000|06|Y|Y,Q,M|C
05040116030000|PSV/Supply||05040116000000|05|N||
05040116030100|PSV/Supply Contracting||05040116030000|06|Y|Y,Q,M|C
05040116040000|Crew/Workboat||05040116000000|05|N||
05040116040100|Crew/Workboat Contracting||05040116040000|06|Y|Y,Q,M|C
05040116050000|Other Offshore||05040116000000|05|N||
05040116050100|Other Offshore Types Contracting||05040116050000|06|Y|Y,Q,M|C
05040116050200|Other Types Contracting||05040116050000|06|Y|Y,Q,M|C
05040200000000|Contracts By Builder Region||05040000000000|03|N||
05040201000000|Contracting by Region - All Others||05040200000000|04|Y|Y,Q,M|C
05040202000000|Contracting by Region - Asia||05040200000000|04|Y|Y,Q,M|C
05040203000000|Contracting by Region - Europe||05040200000000|04|Y|Y,Q,M|C
05040204000000|Contracting by Region - World||05040200000000|04|Y|Y,Q,M|C
05040300000000|Contracts By Area/Country||05040000000000|03|N||
05040301000000|Contracting by Area - Other Asia||05040300000000|04|Y|Y,Q,M|C
05040302000000|Contracting by Area - Other Europe||05040300000000|04|Y|Y,Q,M|C
05040303000000|Contracting by Area - Others||05040300000000|04|Y|Y,Q,M|C
05040304000000|Contracting by Area - World||05040300000000|04|Y|Y,Q,M|C
05040305000000|Contracting by Country/Region of Build - Brazil||05040300000000|04|Y|Y,Q,M|C
05040306000000|Contracting by Country/Region of Build - Denmark||05040300000000|04|Y|Y,Q,M|C
05040307000000|Contracting by Country/Region of Build - Finland||05040300000000|04|Y|Y,Q,M|C
05040308000000|Contracting by Country/Region of Build - France||05040300000000|04|Y|Y,Q,M|C
05040309000000|Contracting by Country/Region of Build - Germany||05040300000000|04|Y|Y,Q,M|C
05040310000000|Contracting by Country/Region of Build - Indonesia||05040300000000|04|Y|Y,Q,M|C
05040311000000|Contracting by Country/Region of Build - Italy||05040300000000|04|Y|Y,Q,M|C
05040312000000|Contracting by Country/Region of Build - Japan||05040300000000|04|Y|Y,Q,M|C
05040313000000|Contracting by Country/Region of Build - Netherlands||05040300000000|04|Y|Y,Q,M|C
05040314000000|Contracting by Country/Region of Build - Norway||05040300000000|04|Y|Y,Q,M|C
05040315000000|Contracting by Country/Region of Build - P.R. China||05040300000000|04|Y|Y,Q,M|C
05040316000000|Contracting by Country/Region of Build - Poland||05040300000000|04|Y|Y,Q,M|C
05040317000000|Contracting by Country/Region of Build - South Korea||05040300000000|04|Y|Y,Q,M|C
05040318000000|Contracting by Country/Region of Build - Spain||05040300000000|04|Y|Y,Q,M|C
05040319000000|Contracting by Country/Region of Build - Turkey||05040300000000|04|Y|Y,Q,M|C
05040320000000|Contracting by Country/Region of Build - Ukraine||05040300000000|04|Y|Y,Q,M|C
05040321000000|Contracting by Country/Region of Build - USA||05040300000000|04|Y|Y,Q,M|C
05040400000000|No. of Shipyards||05040000000000|03|N||
05040401000000|No. Yards To Receive A Contract, China||05040400000000|04|Y|Y,Q,M|C
05040402000000|No. Yards To Receive A Contract, Europe||05040400000000|04|Y|Y,Q,M|C
05040403000000|No. Yards To Receive A Contract, Global||05040400000000|04|Y|Y,Q,M|C
05040404000000|No. Yards To Receive A Contract, Japan||05040400000000|04|Y|Y,Q,M|C
05040405000000|No. Yards To Receive A Contract, South Korea||05040400000000|04|Y|Y,Q,M|C
05050000000000|Port Congestion (선박 혼잡)||05000000000000|02|N||
05050100000000|Container Port Congestion||05050000000000|03|N||
05050101000000|Individual Ports||05050100000000|04|N||
05050101010000|Port Congestion Index - Containerships At Southampton, 7dma||05050101000000|05|Y|Y,Q,M|C
05050101020000|Port Congestion Index - Containerships At Los Angeles/Long Beach, 7dma||05050101000000|05|Y|Y,Q,M|C
05050101030000|Port Congestion Index - Containerships At Shanghai, 7dma||05050101000000|05|Y|Y,Q,M|C
05050101040000|Port Congestion Index - Containerships At New York/New Jersey, 7dma||05050101000000|05|Y|Y,Q,M|C
05050101050000|Port Congestion Index - Containerships At Busan, 7dma||05050101000000|05|Y|Y,Q,M|C
05050101060000|Port Congestion Index - Containerships At Hamburg, 7dma||05050101000000|05|Y|Y,Q,M|C
05050101070000|Port Congestion Index - Containerships At Antwerp, 7dma||05050101000000|05|Y|Y,Q,M|C
05050101080000|Port Congestion Index - Containerships At Rotterdam, 7dma||05050101000000|05|Y|Y,Q,M|C
05050101090000|Port Congestion Index - Containerships At Singapore, 7dma||05050101000000|05|Y|Y,Q,M|C
05050102000000|Containerships||05050100000000|04|N||
05050102010000|Port Congestion Index - Containerships In Port, m.TEU, 7dma||05050102000000|05|Y|Y,Q,M|C
05050102020000|Port Congestion Index - Containerships In Port, % fleet capacity, 7dma||05050102000000|05|Y|Y,Q,M|C
05050102030000|Port Congestion Index - Containerships In Port, East Coast North America, m.TEU, 7dma||05050102000000|05|Y|Y,Q,M|C
05050102040000|Port Congestion Index - Containerships In Port, West Coast North America, m.TEU, 7dma||05050102000000|05|Y|Y,Q,M|C
05050102050000|Port Congestion Index - Containerships In Port, United Kingdom/Continent, m.TEU, 7dma||05050102000000|05|Y|Y,Q,M|C
05050102060000|Port Congestion Index - Containerships In Port, Mediterranean/Black Sea, m.TEU, 7dma||05050102000000|05|Y|Y,Q,M|C
05050102070000|Port Congestion Index - Containerships In Port, East Asia, m.TEU, 7dma||05050102000000|05|Y|Y,Q,M|C
05050102080000|Port Congestion Index - Containerships In Port, South East Asia, m.TEU, 7dma||05050102000000|05|Y|Y,Q,M|C
05050102090000|Port Congestion Index - Containerships In Port, Asia, m.TEU, 7dma||05050102000000|05|Y|Y,Q,M|C
05050102100000|Port Congestion Index - Containerships In Port, China P.R., m.TEU, 7dma||05050102000000|05|Y|Y,Q,M|C
05050102110000|Average Panama Canal Waiting Time (Hours) - Containerships, 7dma||05050102000000|05|Y|Y,Q,M|C
05050102120000|Panama Canal Congestion Index - Containerships, 7dma||05050102000000|05|Y|Y,Q,M|C
05050103000000|All Vessels||05050100000000|04|N||
05050103010000|Average Panama Canal Waiting Time (Hours) - Deep Sea Cargo Vessels, 7dma||05050103000000|05|Y|Y,Q,M|C
05050103020000|Panama Canal Congestion Index - Deep Sea Cargo Vessels, 7dma||05050103000000|05|Y|Y,Q,M|C
05050104000000|LNG||05050100000000|04|N||
05050104010000|Average Panama Canal Waiting Time (Hours) - LNG Carriers, 7dma||05050104000000|05|Y|Y,Q,M|C
05050104020000|Panama Canal Congestion Index - LNG Carriers, 7dma||05050104000000|05|Y|Y,Q,M|C
05050105000000|LPG||05050100000000|04|N||
05050105010000|LPG 65K+ Cu. M.||05050105000000|05|N||
05050105010100|Average Panama Canal Waiting Time (Hours) - VLGCs 65,000+ cbm, 7dma||05050105010000|06|Y|Y,Q,M|C
05050105010200|Panama Canal Congestion Index - VLGCs 65,000+ cbm, 7dma||05050105010000|06|Y|Y,Q,M|C
05050200000000|Waiting Times||05050000000000|03|N||
05050201000000|All Vessels||05050200000000|04|N||
05050201010000|Average Port Waiting Time (Hours) - Deep Sea Cargo, 7dma||05050201000000|05|Y|Y,Q,M|C
05050202000000|Bulkers||05050200000000|04|N||
05050202010000|Average Port Waiting Time (Hours) - Deep Sea Cargo Bulkcarriers (Cape + Pmax), 7dma||05050202000000|05|Y|Y,Q,M|C
05050203000000|Containerships||05050200000000|04|N||
05050203010000|Average Port Waiting Time (Hours) - Containerships 8,000+ TEU, 7dma||05050203000000|05|Y|Y,Q,M|C
05060000000000|Trade&Demand (무역&수요)||05000000000000|02|N||
05060100000000|World Totals||05060000000000|03|N||
05060101000000|Seaborne Trade Totals||05060100000000|04|N||
05060101010000|World Seaborne Container Trade||05060101000000|05|Y|Y,Q,M|C
05060101020000|World Seaborne Crude Oil Trade||05060101000000|05|Y|Y,Q,M|C
05060101030000|World Seaborne Oil Products Trade||05060101000000|05|Y|Y,Q,M|C
05060101040000|World Seaborne Total Oil Trade||05060101000000|05|Y|Y,Q,M|C
05060101050000|World Seaborne Coking Coal Trade||05060101000000|05|Y|Y,Q,M|C
05060101060000|World Seaborne Dry Bulk Trade||05060101000000|05|Y|Y,Q,M|C
05060101070000|World Seaborne Grain Trade (including Soybeans)||05060101000000|05|Y|Y,Q,M|C
05060101080000|World Seaborne Iron Ore Trade||05060101000000|05|Y|Y,Q,M|C
05060101090000|World Seaborne Minor Bulk Trade||05060101000000|05|Y|Y,Q,M|C
05060101100000|World Seaborne Other Dry Trade||05060101000000|05|Y|Y,Q,M|C
05060101110000|World Seaborne Steam Coal Trade||05060101000000|05|Y|Y,Q,M|C
05060101120000|World Seaborne Total Coal Trade||05060101000000|05|Y|Y,Q,M|C
05060101130000|World Seaborne LNG Trade||05060101000000|05|Y|Y,Q,M|C
05060101140000|World Seaborne Total Gas Trade||05060101000000|05|Y|Y,Q,M|C
05060101150000|World Seaborne Ammonia Trade||05060101000000|05|Y|Y,Q,M|C
05060101160000|World Seaborne LPG & Ammonia Trade||05060101000000|05|Y|Y,Q,M|C
05060101170000|World Seaborne LPG Trade||05060101000000|05|Y|Y,Q,M|C
05060101180000|World Seaborne Asphalt & Bitumen Trade||05060101000000|05|Y|Y,Q,M|C
05060101190000|World Seaborne Biodiesel & UCO Trade||05060101000000|05|Y|Y,Q,M|C
05060101200000|World Seaborne Chemical Trade||05060101000000|05|Y|Y,Q,M|C
05060101210000|World Seaborne Ethanol Trade||05060101000000|05|Y|Y,Q,M|C
05060101220000|World Seaborne Inorganic Chemicals Trade||05060101000000|05|Y|Y,Q,M|C
05060101230000|World Seaborne Lube Oil Trade||05060101000000|05|Y|Y,Q,M|C
05060101240000|World Seaborne Major Bulk Trade||05060101000000|05|Y|Y,Q,M|C
05060101250000|World Seaborne Molasses Trade||05060101000000|05|Y|Y,Q,M|C
05060101260000|World Seaborne Organic Chemicals Trade||05060101000000|05|Y|Y,Q,M|C
05060101270000|World Seaborne Trade||05060101000000|05|Y|Y,Q,M|C
05060101280000|World Seaborne Veg Oil Trade||05060101000000|05|Y|Y,Q,M|C
05060101290000|World Reefer Trade||05060101000000|05|Y|Y,Q,M|C
05060101300000|World Seaborne Car Trade||05060101000000|05|Y|Y,Q,M|C
05060200000000|Iron Ore||05060000000000|03|N||
05060201000000|World Seaborne Iron Ore Trade||05060200000000|04|Y|Y,Q,M|C
05060300000000|Coal||05060000000000|03|N||
05060301000000|World Seaborne Total Coal Trade||05060300000000|04|Y|Y,Q,M|C
05060400000000|Grain||05060000000000|03|N||
05060401000000|World Totals||05060400000000|04|N||
05060401010000|World Seaborne Grain Trade (including Soybeans)||05060401000000|05|Y|Y,Q,M|C
05060401020000|World Seaborne Grain Trade, % Share of Total||05060401000000|05|Y|Y,Q,M|C
05060401030000|World Seaborne Coarse Grain Trade||05060401000000|05|Y|Y,Q,M|C
05060401040000|World Seaborne Soybean Trade||05060401000000|05|Y|Y,Q,M|C
05060401050000|World Seaborne Wheat Trade||05060401000000|05|Y|Y,Q,M|C
05060500000000|Minor Bulks||05060000000000|03|N||
05060501000000|World Seaborne Minor Bulk Trade||05060500000000|04|Y|Y,Q,M|C
05060600000000|Crude Oil||05060000000000|03|N||
05060601000000|World Seaborne Crude Oil Trade||05060600000000|04|Y|Y,Q,M|C
05060700000000|Oil Products||05060000000000|03|N||
05060701000000|World Seaborne Oil Products Trade||05060700000000|04|Y|Y,Q,M|C
05060702000000|World Seaborne Total Oil Trade||05060700000000|04|Y|Y,Q,M|C
05060800000000|LNG Trade||05060000000000|03|N||
05060801000000|Trade Flows||05060800000000|04|N||
05060801010000|World Seaborne LNG Trade||05060801000000|05|Y|Y,Q,M|C
05060900000000|LPG Trade||05060000000000|03|N||
05060901000000|World Seaborne Total Gas Trade||05060900000000|04|Y|Y,Q,M|C
05060902000000|World Seaborne LPG Trade||05060900000000|04|Y|Y,Q,M|C
05061000000000|Ammonia||05060000000000|03|N||
05061001000000|World Seaborne Ammonia Trade||05061000000000|04|Y|Y,Q,M|C
05061100000000|Chemical||05060000000000|03|N||
05061101000000|World Seaborne Chemical Trade||05061100000000|04|Y|Y,Q,M|C
05061200000000|Car Trade||05060000000000|03|N||
05061201000000|Total||05061200000000|04|N||
05061201010000|World Seaborne Car Trade||05061201000000|05|Y|Y,Q,M|C
05061300000000|Cruise Passengers||05060000000000|03|N||
05061301000000|Global Cruise Passengers||05061300000000|04|Y|Y,Q,M|C
05061400000000|Container Trade||05060000000000|03|N||
05061401000000|Monthly Global Seaborne Container Trade Indicator||05061400000000|04|Y|Y,Q,M|C
05061402000000|World Seaborne Container Trade||05061400000000|04|Y|Y,Q,M|C
05061403000000|World Seaborne Container Trade, % Share of Total||05061400000000|04|Y|Y,Q,M|C
05061404000000|Global Containership Port Calls, 7 day average||05061400000000|04|Y|Y,Q,M|C
05061405000000|Total East-West Container Trade||05061400000000|04|Y|Y,Q,M|C
05061406000000|Total Intra-Asian Container Trade||05061400000000|04|Y|Y,Q,M|C
05061407000000|Total Intra-Regional Container Trade||05061400000000|04|Y|Y,Q,M|C
05061408000000|Total Mainlane Container Trade||05061400000000|04|Y|Y,Q,M|C
05061409000000|Total Non-Mainlane East-West Container Trade||05061400000000|04|Y|Y,Q,M|C
05061410000000|Total North-South Container Trade||05061400000000|04|Y|Y,Q,M|C
05061411000000|Transpacific Eastbound Container Trade||05061400000000|04|Y|Y,Q,M|C
05061412000000|Transpacific Westbound Container Trade||05061400000000|04|Y|Y,Q,M|C
05061413000000|Far East - Europe Container Trade||05061400000000|04|Y|Y,Q,M|C
05061414000000|Europe - Far East Container Trade||05061400000000|04|Y|Y,Q,M|C
05061415000000|Europe - North America Container Trade||05061400000000|04|Y|Y,Q,M|C
05061416000000|North America - Europe Container Trade||05061400000000|04|Y|Y,Q,M|C
05061417000000|Transpacific Eastbound Container Trade Growth y-o-y||05061400000000|04|Y|Y,Q,M|C
05061418000000|Far East - Europe Container Trade Growth y-o-y||05061400000000|04|Y|Y,Q,M|C
05061419000000|Africa Container Exports||05061400000000|04|Y|Y,Q,M|C
05061420000000|Africa Container Imports||05061400000000|04|Y|Y,Q,M|C
05061421000000|Europe Container Exports||05061400000000|04|Y|Y,Q,M|C
05061422000000|Europe Container Imports||05061400000000|04|Y|Y,Q,M|C
05061423000000|Far East Container Exports||05061400000000|04|Y|Y,Q,M|C
05061424000000|Far East Container Imports||05061400000000|04|Y|Y,Q,M|C
05061425000000|Indian Sub-Continent Container Exports||05061400000000|04|Y|Y,Q,M|C
05061426000000|Indian Sub-Continent Container Imports||05061400000000|04|Y|Y,Q,M|C
05061427000000|Latin America Container Exports||05061400000000|04|Y|Y,Q,M|C
05061428000000|Latin America Container Imports||05061400000000|04|Y|Y,Q,M|C
05061429000000|Middle East Container Exports||05061400000000|04|Y|Y,Q,M|C
05061430000000|Middle East Container Imports||05061400000000|04|Y|Y,Q,M|C
05061431000000|North America Container Exports||05061400000000|04|Y|Y,Q,M|C
05061432000000|North America Container Imports||05061400000000|04|Y|Y,Q,M|C
05061433000000|Oceania Container Exports||05061400000000|04|Y|Y,Q,M|C
05061434000000|Oceania Container Imports||05061400000000|04|Y|Y,Q,M|C
05061435000000|World Container Exports||05061400000000|04|Y|Y,Q,M|C
05061436000000|World Container Trade per Capita||05061400000000|04|Y|Y,Q,M|C
05061437000000|Middle East/Indian Sub-Continent - Asia Container Trade||05061400000000|04|Y|Y,Q,M|C
05061438000000|Middle East/Indian Sub-Continent - Europe Container Trade||05061400000000|04|Y|Y,Q,M|C
05061439000000|Middle East/Indian Sub-Continent - N. America Container Trade||05061400000000|04|Y|Y,Q,M|C
05061440000000|North-South Africa Container Trade||05061400000000|04|Y|Y,Q,M|C
05061441000000|North-South Latin American Trade Container Trade||05061400000000|04|Y|Y,Q,M|C
05061442000000|North-South Oceania Container Trade||05061400000000|04|Y|Y,Q,M|C
05061500000000|Container Port Throughput||05060000000000|03|N||
05061501000000|Regions||05061500000000|04|N||
05061501010000|Container Throughput - Black Sea||05061501000000|05|Y|Y,Q,M|C
05061501020000|Container Throughput - China||05061501000000|05|Y|Y,Q,M|C
05061501030000|Container Throughput - Chinese Ports Monthly Indicator||05061501000000|05|Y|Y,Q,M|C
05061501040000|Container Throughput - Indian Sub-Continent||05061501000000|05|Y|Y,Q,M|C
05061501050000|Container Throughput - Latin America and the Caribbean||05061501000000|05|Y|Y,Q,M|C
05061501060000|Container Throughput - Major Asian Ports Monthly Indicator||05061501000000|05|Y|Y,Q,M|C
05061501070000|Container Throughput - Major US Ports Monthly Indicator||05061501000000|05|Y|Y,Q,M|C
05061501080000|Container Throughput - Mediterranean Europe||05061501000000|05|Y|Y,Q,M|C
05061501090000|Container Throughput - Middle East||05061501000000|05|Y|Y,Q,M|C
05061501100000|Container Throughput - North Africa||05061501000000|05|Y|Y,Q,M|C
05061501110000|Container Throughput - North America||05061501000000|05|Y|Y,Q,M|C
05061501120000|Container Throughput - North Europe||05061501000000|05|Y|Y,Q,M|C
05061501130000|Container Throughput - Oceania||05061501000000|05|Y|Y,Q,M|C
05061501140000|Container Throughput - Sub-Saharan Africa||05061501000000|05|Y|Y,Q,M|C
05061501150000|Container Throughput - Total Asia||05061501000000|05|Y|Y,Q,M|C
05061501160000|Container Throughput - Total Europe/Med||05061501000000|05|Y|Y,Q,M|C
05061501170000|Container Throughput - World||05061501000000|05|Y|Y,Q,M|C
05061502000000|Ports||05061500000000|04|N||
05061502010000|Container Throughput - Algeciras||05061502000000|05|Y|Y,Q,M|C
05061502020000|Container Throughput - Antwerp||05061502000000|05|Y|Y,Q,M|C
05061502030000|Container Throughput - Barcelona||05061502000000|05|Y|Y,Q,M|C
05061502040000|Container Throughput - Bremen/Bremerhaven||05061502000000|05|Y|Y,Q,M|C
05061502050000|Container Throughput - Busan||05061502000000|05|Y|Y,Q,M|C
05061502060000|Container Throughput - Charleston||05061502000000|05|Y|Y,Q,M|C
05061502070000|Container Throughput - Colombo||05061502000000|05|Y|Y,Q,M|C
05061502080000|Container Throughput - Dalian||05061502000000|05|Y|Y,Q,M|C
05061502090000|Container Throughput - Dubai||05061502000000|05|Y|Y,Q,M|C
05061502100000|Container Throughput - Felixstowe||05061502000000|05|Y|Y,Q,M|C
05061502110000|Container Throughput - Genoa||05061502000000|05|Y|Y,Q,M|C
05061502120000|Container Throughput - Gioia Tauro||05061502000000|05|Y|Y,Q,M|C
05061502130000|Container Throughput - Guangzhou||05061502000000|05|Y|Y,Q,M|C
05061502140000|Container Throughput - Gwangyang||05061502000000|05|Y|Y,Q,M|C
05061502150000|Container Throughput - Haikou||05061502000000|05|Y|Y,Q,M|C
05061502160000|Container Throughput - Haiphong||05061502000000|05|Y|Y,Q,M|C
05061502170000|Container Throughput - Hamburg||05061502000000|05|Y|Y,Q,M|C
05061502180000|Container Throughput - Hong Kong||05061502000000|05|Y|Y,Q,M|C
05061502190000|Container Throughput - Houston||05061502000000|05|Y|Y,Q,M|C
05061502200000|Container Throughput - Jeddah||05061502000000|05|Y|Y,Q,M|C
05061502210000|Container Throughput - Kaohsiung||05061502000000|05|Y|Y,Q,M|C
05061502220000|Container Throughput - Khor Fakkan||05061502000000|05|Y|Y,Q,M|C
05061502230000|Container Throughput - Kobe||05061502000000|05|Y|Y,Q,M|C
05061502240000|Container Throughput - La Spezia||05061502000000|05|Y|Y,Q,M|C
05061502250000|Container Throughput - Laem Chabang||05061502000000|05|Y|Y,Q,M|C
05061502260000|Container Throughput - Le Havre||05061502000000|05|Y|Y,Q,M|C
05061502270000|Container Throughput - Long Beach||05061502000000|05|Y|Y,Q,M|C
05061502280000|Container Throughput - Los Angeles||05061502000000|05|Y|Y,Q,M|C
05061502290000|Container Throughput - Manila||05061502000000|05|Y|Y,Q,M|C
05061502300000|Container Throughput - Marseilles/Fos||05061502000000|05|Y|Y,Q,M|C
05061502310000|Container Throughput - Montreal||05061502000000|05|Y|Y,Q,M|C
05061502320000|Container Throughput - Nagoya||05061502000000|05|Y|Y,Q,M|C
05061502330000|Container Throughput - New York/New Jersey||05061502000000|05|Y|Y,Q,M|C
05061502340000|Container Throughput - Ningbo||05061502000000|05|Y|Y,Q,M|C
05061502350000|Container Throughput - Oakland||05061502000000|05|Y|Y,Q,M|C
05061502360000|Container Throughput - Osaka||05061502000000|05|Y|Y,Q,M|C
05061502370000|Container Throughput - Pipavav||05061502000000|05|Y|Y,Q,M|C
05061502380000|Container Throughput - Port Klang||05061502000000|05|Y|Y,Q,M|C
05061502390000|Container Throughput - Port Said||05061502000000|05|Y|Y,Q,M|C
05061502400000|Container Throughput - Qingdao||05061502000000|05|Y|Y,Q,M|C
05061502410000|Container Throughput - Rotterdam||05061502000000|05|Y|Y,Q,M|C
05061502420000|Container Throughput - San Juan||05061502000000|05|Y|Y,Q,M|C
05061502430000|Container Throughput - Santos||05061502000000|05|Y|Y,Q,M|C
05061502440000|Container Throughput - Savannah||05061502000000|05|Y|Y,Q,M|C
05061502450000|Container Throughput - Seattle-Tacoma||05061502000000|05|Y|Y,Q,M|C
05061502460000|Container Throughput - Shanghai||05061502000000|05|Y|Y,Q,M|C
05061502470000|Container Throughput - Shenzhen||05061502000000|05|Y|Y,Q,M|C
05061502480000|Container Throughput - Singapore||05061502000000|05|Y|Y,Q,M|C
05061502490000|Container Throughput - Southampton||05061502000000|05|Y|Y,Q,M|C
05061502500000|Container Throughput - St Petersburg (Russia)||05061502000000|05|Y|Y,Q,M|C
05061502510000|Container Throughput - Tanjung Priok||05061502000000|05|Y|Y,Q,M|C
05061502520000|Container Throughput - Tianjin||05061502000000|05|Y|Y,Q,M|C
05061502530000|Container Throughput - Tokyo||05061502000000|05|Y|Y,Q,M|C
05061502540000|Container Throughput - Tuticorin (V.O. Chidambaranar)||05061502000000|05|Y|Y,Q,M|C
05061502550000|Container Throughput - Valencia||05061502000000|05|Y|Y,Q,M|C
05061502560000|Container Throughput - Vancouver||05061502000000|05|Y|Y,Q,M|C
05061502570000|Container Throughput - Veracruz||05061502000000|05|Y|Y,Q,M|C
05061502580000|Container Throughput - Virginia||05061502000000|05|Y|Y,Q,M|C
05061502590000|Container Throughput - World||05061502000000|05|Y|Y,Q,M|C
05061502600000|Container Throughput - Xiamen||05061502000000|05|Y|Y,Q,M|C
05061502610000|Container Throughput - Yingkou||05061502000000|05|Y|Y,Q,M|C
05061502620000|Container Throughput - Yokohama||05061502000000|05|Y|Y,Q,M|C
05070000000000|Deliveries||05000000000000|02|N||
05070100000000|Deliveries By Builder Country/Region||05070000000000|03|N||
05070101000000|Total Deliveries By Country/Region of Build South Korea (with forecasts)||05070100000000|04|Y|Y,Q,M|C